issue,source_type,source_url,link_path,result
redirect,article,/blogs/posts/how-to-serve-and-store-wine,/collections/white-wine/products/albert-bichot-chablis,redirect:/products/louis-jadot-chablis
redirect,article,/blogs/posts/how-to-serve-and-store-wine,/products/cheese-platter-1-2-people,redirect:/products/cheese-platter
redirect,article,/blogs/posts/how-to-make-rum-punch,/collections/rum/products/captain-morgan-white-rum,redirect:/collections/rum
redirect,article,/blogs/posts/dinner-party-cocktail-ideas,/products/captain-morgan-white-rum,redirect:/collections/rum
redirect,article,/blogs/posts/mothers-day-cocktails,/collections/champagne/products/moet-chandon-imperial-champagne,redirect:/products/moet-chandon-champagne
redirect,article,/blogs/posts/veuve-clicquot-champagne-facts,/collections/champagne/products/veuve-clicquot-vintage-champagne-2012,redirect:/products/veuve-clicquot-vintage-champagne-2015
redirect,article,/blogs/posts/wedding-gift,/pages/champagne-gift-delivered,redirect:/pages/send-a-gift-of-champagne
redirect,article,/blogs/posts/varieties-of-taittinger-champagne,/products/taittinger-vintage,redirect:/products/taittinger-brut-millesime-champagne
redirect,article,/blogs/posts/celebrate-from-afar-same-day-champagne-wine-delivery-in-the-uk-for-birthdays-and-anniversaries,/products/dom-perignon-champagne,redirect:/products/dom-perignon-champagne-2013
redirect,article,/blogs/posts/9-best-flowers-and-champagne-delivery-options-for-2026,/pages/sending-champagne-as-gift,redirect:/pages/sending-champagne-as-a-gift-uk
redirect,article,/blogs/posts/personalised-champagne-box-guide-unique-gifting-ideas-2026,/collections/organic-champagne,redirect:/collections/certified-organic-wines
redirect,article,/blogs/posts/champagne-gifts-london-same-day-delivery-perfect-for-valentines-day-2026,/pages/valentines-day-alcohol-delivery-london-uk-2026,redirect:/pages/valentines-day-alcohol-delivery-london-uk-2026-romantic-gifts-party-drinks-house-247
redirect,article,/blogs/posts/alcoholic-beverage-delivery-guide-your-essential-2026-handbook,/pages/challenge-21,redirect:/pages/challenge-25
redirect,article,/blogs/posts/online-champagne-your-complete-guide-to-buying-in-2026,/pages/champagne-delivery-london,redirect:/collections/champagne
redirect,article,/blogs/posts/after-hours-liquor-understanding-late-night-alcohol-access,/pages/champagne-delivery-london,redirect:/collections/champagne
redirect,article,/blogs/posts/late-night-beer-delivery-london,/pages/online-champagne-delivery,redirect:/collections/champagne
redirect,article,/blogs/posts/next-day-champagne-gift-delivery,/pages/sending-champagne-as-gift,redirect:/pages/sending-champagne-as-a-gift-uk
redirect,article,/blogs/posts/next-day-champagne-gift-delivery,/pages/champagne-delivery-in-uk,redirect:/pages/uk-champagne-delivery
redirect,article,/blogs/posts/best-birthday-alcohol-gift-hamper-ideas,/pages/champagne-delight-buying-champagne-online-at-drinks-house-247,redirect:/collections/champagne
redirect,article,/blogs/posts/choosing-corporate-wine-gift-boxes,/pages/champagne-delivery-in-uk,redirect:/pages/uk-champagne-delivery
redirect,article,/blogs/posts/party-alcohol-calculator-smart-hosting,/pages/champagne-engagement-gifts-celebrate-love-with-sparkling-wine,redirect:/pages/champagne-for-engagement-gift-a-toast-to-celebrate-love
redirect,article,/blogs/posts/large-format-wine-bottles-explained,/pages/buy-champagne-online,redirect:/collections/champagne
redirect,article,/blogs/posts/vegan-wine-vs-organic-wine,/collections/organic-champagne,redirect:/collections/certified-organic-wines
redirect,article,/blogs/posts/premium-wine-gift-trends,/pages/unveil-the-elegance-with-bollinger-champagne-gifts,redirect:/pages/bollinger-champagne-gifts
redirect,article,/blogs/posts/dom-perignon-delivery-london,/pages/buy-champagne-online,redirect:/collections/champagne
redirect,article,/blogs/posts/dom-perignon-delivery-london,/blogs/posts/personalised-champagne-box-guide-unique-gifting-ideas-2027,redirect:/blogs/posts/personalised-champagne-box-guide-unique-gifting-ideas-2026
redirect,article,/blogs/posts/veuve-clicquot-gift-delivery-uk,/pages/alcohol-delivery-1,redirect:/pages/alcohol-delivery
redirect,article,/blogs/posts/next-day-champagne-delivery-uk-guide,/pages/champagne-chocolate-flowers-the-perfect-valentines-day-gift-london-2026,redirect:/pages/champagne-and-chocolate-flowers-the-perfect-valentines-day-gift-london-2026
redirect,article,/blogs/posts/bulk-alcohol-delivery-london,/pages/champagne-delight-buying-champagne-online-at-drinks-house-247,redirect:/collections/champagne
redirect,article,/blogs/posts/corporate-champagne-gifts-london,/pages/a-sparkling-gesture-sending-champagne-as-a-gift,redirect:/pages/send-a-gift-of-champagne
redirect,article,/blogs/posts/veuve-clicquot-hamper-review,/pages/champagne-delivered-as-a-gift,redirect:/pages/send-a-gift-of-champagne
redirect,article,/blogs/posts/dom-perignon-gift-review-is-it-worth-it,/pages/champagne-gifts-delivery,redirect:/pages/send-a-gift-of-champagne
redirect,article,/blogs/posts/sparkling-wine-delivery-for-every-occasion,/pages/send-prosecco-gift-uk-bubbly-fast-delivery-drinks-house-248,redirect:/pages/send-prosecco-gift-uk-bubbly-fast-delivery-drinks-house-247
redirect,article,/blogs/posts/christmas-alcohol-gift-guide,/pages/champagne-delivery-uk-bringing-elegance-to-your-doorstep,redirect:/pages/uk-champagne-delivery
redirect,article,/blogs/posts/how-to-send-champagne-without-guesswork,/pages/champagne-gifts-delivery,redirect:/pages/send-a-gift-of-champagne
redirect,article,/blogs/posts/can-you-gift-alcohol-uk,/pages/champagne-gifts-delivery,redirect:/pages/send-a-gift-of-champagne
redirect,article,/blogs/posts/fine-wine-buying-guide,/pages/happy-birthday-champagne,redirect:/pages/champagne-gifts-birthday
redirect,article,/blogs/posts/the-surprising-calorie-difference-vodka-soda-and-cola,/blogs/posts/flavoured-vodka-sodas-vs-regular-calorie-breakdown,redirect:/blogs/posts/top-10-alcoholic-drinks-with-the-least-calories
redirect,article,/blogs/posts/last-minute-bank-holiday-drinks-delivery-in-london,/collections/pre-mixed-cases,redirect:/collections/wine-box-6-bottles
redirect,article,/blogs/posts/spiced-rum-cocktails-worth-making,/collections/pre-mixed-cases,redirect:/collections/wine-box-6-bottles
redirect,article,/blogs/posts/craft-beer-styles-explained-ipa-stout-lager-and-more,/collections/pre-mixed-cases,redirect:/collections/wine-box-6-bottles
redirect,article,/blogs/posts/picnic-drinks-ideas-for-london-parks,/collections/pre-mixed-cases,redirect:/collections/wine-box-6-bottles
redirect,article,/blogs/posts/end-of-summer-cocktails-to-see-off-august,/collections/pre-mixed-cases,redirect:/collections/wine-box-6-bottles
redirect,article,/blogs/posts/notting-hill-carnival-drinks-guide,/collections/pre-mixed-cases,redirect:/collections/wine-box-6-bottles
redirect,article,/blogs/posts/oktoberfest-at-home-beers-steins-and-snacks,/collections/pre-mixed-cases,redirect:/collections/wine-box-6-bottles
redirect,article,/blogs/posts/christmas-party-planning-why-to-book-your-drinks-early,/collections/pre-mixed-cases,redirect:/collections/wine-box-6-bottles
redirect,article,/blogs/posts/alcohol-delivery-3am-london,/pages/challenge-21,redirect:/pages/challenge-25
redirect,article,/blogs/posts/alcohol-delivery-to-office-london,/pages/challenge-21,redirect:/pages/challenge-25
redirect,page,/pages/html-sitemap,/pages/challenge-21,redirect:/pages/challenge-25
redirect,page,/pages/alcohol-delivery-near-me-how-to-find-the-perfect-alcohol-delivery-service-in-your-area,/pages/champagne-gift-delivered,redirect:/pages/send-a-gift-of-champagne
redirect,page,/pages/alcohol-delivery-near-me-how-to-find-the-perfect-alcohol-delivery-service-in-your-area,/pages/champagne-gift-delivered,redirect:/pages/send-a-gift-of-champagne
redirect,page,/pages/red-wine-delivery,/pages/champagne-gift-delivered,redirect:/pages/send-a-gift-of-champagne
redirect,page,/pages/red-wine-delivery,/pages/champagne-gift-delivered,redirect:/pages/send-a-gift-of-champagne
redirect,page,/pages/red-wine-delivery,/pages/online-champagne-delivery,redirect:/collections/champagne
redirect,page,/pages/off-license-near-me-london,/pages/champagne-gift-delivered,redirect:/pages/send-a-gift-of-champagne
redirect,page,/pages/uk-champagne-delivery,/pages/champagne-gift-delivered,redirect:/pages/send-a-gift-of-champagne
redirect,page,/pages/champagne-delivery-to-me-same-day,/collections/champagne/products/dom-perignon-champagne,redirect:/products/dom-perignon-champagne-2013
redirect,page,/pages/champagne-delivery-to-me-same-day,/pages/online-champagne-delivery,redirect:/collections/champagne
redirect,page,/pages/champagne-delivery-to-me-same-day,/collections/champagne/products/dom-perignon-champagne,redirect:/products/dom-perignon-champagne-2013
redirect,page,/pages/wine-delivery-london,/collections/champagne/products/pichon-lalande-2020,redirect:/products/pichon-lalande-2021
redirect,page,/pages/24-hour-alcohol-delivery-service,/collections/champagne/products/dom-perignon-champagne,redirect:/products/dom-perignon-champagne-2013
redirect,page,/pages/champagne-shop-near-me,/collections/champagne/products/taittinger-vintage,redirect:/products/taittinger-brut-millesime-champagne
redirect,page,/pages/champagne-shop-near-me,/collections/champagne/products/taittinger-vintage,redirect:/products/taittinger-brut-millesime-champagne
redirect,page,/pages/send-gift-uk,/collections/alcohol-gift-sets/products/veuve-clicquot-vintage-champagne-2012,redirect:/products/veuve-clicquot-vintage-champagne-2015
redirect,page,/pages/send-a-champagne-gift,/products/dom-perignon-champagne,redirect:/products/dom-perignon-champagne-2013
redirect,page,/pages/send-a-champagne-gift,/products/bollinger,redirect:/products/bollinger-special-cuvee-brut-champagne-75cl
redirect,page,/pages/send-a-champagne-gift,/products/veuve-clicquot-vintage-champagne-2012,redirect:/products/veuve-clicquot-vintage-champagne-2015
redirect,page,/pages/send-a-champagne-gift,/pages/happy-birthday-champagne,redirect:/pages/champagne-gifts-birthday
redirect,page,/pages/send-a-champagne-gift,/pages/champagne-sent-as-a-gift,redirect:/pages/send-a-gift-of-champagne
redirect,page,/pages/late-night-alcohol-delivery,/collections/beers-1,redirect:/collections/beers
redirect,page,/pages/late-night-alcohol-delivery,/collections/beers-1,redirect:/collections/beers
redirect,page,/pages/alcohol-delivery-as-a-gift,/collections/moet-et-chandon-champagne,redirect:/collections/moet-chandon-champagne
redirect,page,/pages/late-night-wine-delivery-near-me,/collections/pre-mixed-cases,redirect:/collections/wine-box-6-bottles
redirect,page,/pages/late-night-wine-delivery-near-me,/collections/pre-mixed-cases,redirect:/collections/wine-box-6-bottles
redirect,page,/pages/late-night-wine-delivery-near-me,/collections/pre-mixed-cases,redirect:/collections/wine-box-6-bottles
redirect,page,/pages/wine-delivery-near-me-now,/collections/pre-mixed-cases,redirect:/collections/wine-box-6-bottles
redirect,page,/pages/wine-delivery-near-me-now,/collections/pre-mixed-cases,redirect:/collections/wine-box-6-bottles
redirect,page,/pages/boxed-champagne-gifts,/collections/champagne/products/veuve-clicquot-vintage-champagne-2012,redirect:/products/veuve-clicquot-vintage-champagne-2015
redirect,page,/pages/send-a-gift-of-champagne,/collections/champagne/products/moet-chandon-imperial-champagne,redirect:/products/moet-chandon-champagne
redirect,page,/pages/send-a-gift-of-champagne,/collections/champagne/products/dom-perignon-champagne,redirect:/products/dom-perignon-champagne-2013
redirect,page,/pages/send-a-gift-of-champagne,/collections/champagne/products/moet-chandon-imperial-champagne,redirect:/products/moet-chandon-champagne
redirect,page,/pages/send-a-gift-of-champagne,/collections/champagne/products/dom-perignon-champagne,redirect:/products/dom-perignon-champagne-2013
redirect,page,/pages/send-a-bottle-of-champagne-as-a-gift,/collections/champagne/products/veuve-clicquot-vintage-champagne-2012,redirect:/products/veuve-clicquot-vintage-champagne-2015
redirect,page,/pages/send-a-bottle-of-champagne-as-a-gift,/collections/champagne/products/taittinger-vintage,redirect:/products/taittinger-brut-millesime-champagne
redirect,page,/pages/send-a-bottle-of-champagne-as-a-gift,/collections/champagne/products/dom-perignon-champagne,redirect:/products/dom-perignon-champagne-2013
redirect,page,/pages/send-a-bottle-of-champagne-as-a-gift,/collections/champagne/products/taittinger-vintage,redirect:/products/taittinger-brut-millesime-champagne
redirect,page,/pages/champagne-gifts-delivered,/collections/champagne/products/bollinger-special-cuvee,redirect:/products/bollinger-special-cuvee-brut-champagne-75cl
redirect,page,/pages/champagne-gifts-delivered,/collections/champagne/products/louis-roederer-cristal,redirect:/products/louis-roederer-cristal-champagne
redirect,page,/pages/champagne-gifts-delivered,/collections/champagne/products/taittinger-prestige-rose,redirect:/products/taittinger-prestige-rose-champagne
redirect,page,/pages/champagne-gifts-delivered,/collections/champagne/products/louis-roederer-cristal,redirect:/products/louis-roederer-cristal-champagne
redirect,page,/pages/sending-champagne-as-a-gift-uk,/collections/champagne/products/louis-roederer-cristal,redirect:/products/louis-roederer-cristal-champagne
redirect,page,/pages/sending-champagne-as-a-gift-uk,/pages/champagne-sent-as-a-gift,redirect:/pages/send-a-gift-of-champagne
redirect,page,/pages/sending-champagne-as-a-gift-uk,/collections/champagne/products/louis-roederer-cristal,redirect:/products/louis-roederer-cristal-champagne
redirect,page,/pages/veuve-clicquot-gift-set,/collections/champagne/products/veuve-clicquot-vintage-champagne-2012,redirect:/products/veuve-clicquot-vintage-champagne-2015
redirect,page,/pages/veuve-clicquot-gift-set,/collections/champagne/products/veuve-clicquot-vintage-champagne-2012,redirect:/products/veuve-clicquot-vintage-champagne-2015
redirect,page,/pages/veuve-clicquot-gift-set,/collections/champagne/products/veuve-clicquot-vintage-champagne-2012,redirect:/products/veuve-clicquot-vintage-champagne-2015
redirect,page,/pages/veuve-clicquot-gifts,/products/veuve-clicquot-vintage-champagne-2012,redirect:/products/veuve-clicquot-vintage-champagne-2015
redirect,page,/pages/veuve-clicquot-gifts,/products/veuve-clicquot-vintage-champagne-2012,redirect:/products/veuve-clicquot-vintage-champagne-2015
redirect,page,/pages/alcohol-delivery-twickenham,/collections/champagne/products/bollinger-special-cuvee,redirect:/products/bollinger-special-cuvee-brut-champagne-75cl
redirect,page,/pages/alcohol-delivery-peckham,/collections/champagne/products/bollinger-special-cuvee,redirect:/products/bollinger-special-cuvee-brut-champagne-75cl
redirect,page,/pages/alcohol-delivery-streatham,/collections/champagne/products/bollinger-special-cuvee,redirect:/products/bollinger-special-cuvee-brut-champagne-75cl
redirect,page,/pages/alcohol-delivery-battersea,/collections/champagne/products/louis-roederer-cristal,redirect:/products/louis-roederer-cristal-champagne
redirect,page,/pages/alcohol-delivery-canary-wharf,/collections/wines/products/chateau-les-eyquem-margaux-2019,redirect:/products/chateau-les-eyquem-margaux-2021
redirect,page,/pages/best-beer-delivery-london,/collections/beers/products/strongbow-dark-fruit-cider-1,redirect:/products/strongbow-original-cider
redirect,page,/pages/best-beer-delivery-london,/collections/beers/products/strongbow-dark-fruit-cider-1,redirect:/products/strongbow-original-cider
redirect,page,/pages/best-beer-delivery-london,/collections/beers/products/strongbow-dark-fruit-cider-1,redirect:/products/strongbow-original-cider
redirect,page,/pages/wine-home-delivery,/collections/pre-mixed-cases,redirect:/collections/wine-box-6-bottles
redirect,page,/pages/wine-home-delivery,/collections/pre-mixed-cases,redirect:/collections/wine-box-6-bottles
redirect,page,/pages/wine-home-delivery,/collections/pre-mixed-cases,redirect:/collections/wine-box-6-bottles
redirect,page,/pages/champagne-gifts-birthday,/collections/champagne/products/dom-perignon-champagne,redirect:/products/dom-perignon-champagne-2013
redirect,page,/pages/champagne-gifts-birthday,/collections/champagne/products/dom-perignon-champagne,redirect:/products/dom-perignon-champagne-2013
redirect,page,/pages/perfect-champagne-gift,/collections/champagne/products/veuve-clicquot-vintage-champagne-2012,redirect:/products/veuve-clicquot-vintage-champagne-2015
redirect,page,/pages/perfect-champagne-gift,/collections/champagne/products/veuve-clicquot-vintage-champagne-2012,redirect:/products/veuve-clicquot-vintage-champagne-2015
redirect,page,/pages/perfect-alcohol-gift-set,/pages/champagne-gift-delivered,redirect:/pages/send-a-gift-of-champagne
redirect,page,/pages/champagne-types,/collections/champagne/products/veuve-clicquot-vintage-champagne-2012,redirect:/products/veuve-clicquot-vintage-champagne-2015
redirect,page,/pages/champagne-50th-birthday,/collections/champagne/products/dom-perignon-champagne,redirect:/products/dom-perignon-champagne-2013
redirect,page,/pages/champagne-50th-birthday,/collections/champagne/products/dom-perignon-champagne,redirect:/products/dom-perignon-champagne-2013
redirect,page,/pages/champagne-50th-birthday,/collections/champagne/products/dom-perignon-champagne,redirect:/products/dom-perignon-champagne-2013
redirect,page,/pages/champagne-50th-birthday,/collections/champagne/products/grand-vintage-moet-2013-champagne,redirect:/products/grand-vintage-moet-2015
redirect,page,/pages/champagne-50th-birthday,/collections/champagne/products/bollinger,redirect:/products/bollinger-special-cuvee-brut-champagne-75cl
redirect,page,/pages/champagne-50th-birthday,/collections/champagne/products/bollinger,redirect:/products/bollinger-special-cuvee-brut-champagne-75cl
redirect,page,/pages/champagne-50th-birthday,/collections/champagne/products/bollinger,redirect:/products/bollinger-special-cuvee-brut-champagne-75cl
redirect,page,/pages/champagne-50th-birthday,/collections/champagne/products/taittinger-vintage,redirect:/products/taittinger-brut-millesime-champagne
redirect,page,/pages/champagne-50th-birthday,/collections/champagne/products/taittinger-vintage,redirect:/products/taittinger-brut-millesime-champagne
redirect,page,/pages/champagne-50th-birthday,/collections/champagne/products/taittinger-vintage,redirect:/products/taittinger-brut-millesime-champagne
redirect,page,/pages/champagne-50th-birthday,/collections/champagne/products/dom-perignon-champagne,redirect:/products/dom-perignon-champagne-2013
redirect,page,/pages/champagne-50th-birthday,/collections/champagne/products/bollinger,redirect:/products/bollinger-special-cuvee-brut-champagne-75cl
redirect,page,/pages/champagne-50th-birthday,/collections/champagne/products/bollinger,redirect:/products/bollinger-special-cuvee-brut-champagne-75cl
redirect,page,/pages/veuve-clicquot-champagnes,/collections/champagne/products/veuve-clicquot-vintage-champagne-2012,redirect:/products/veuve-clicquot-vintage-champagne-2015
redirect,page,/pages/veuve-clicquot-delivered-today,/collections/champagne/products/veuve-clicquot-vintage-champagne-2012,redirect:/products/veuve-clicquot-vintage-champagne-2015
redirect,page,/pages/veuve-clicquot-delivered-today,/collections/champagne/products/veuve-clicquot-vintage-champagne-2012,redirect:/products/veuve-clicquot-vintage-champagne-2015
redirect,page,/pages/next-day-veuve-clicquot-champagne,/collections/champagne/products/veuve-clicquot-vintage-champagne-2012,redirect:/products/veuve-clicquot-vintage-champagne-2015
redirect,page,/pages/next-day-veuve-clicquot-champagne,/pages/online-champagne-delivery,redirect:/collections/champagne
redirect,page,/pages/next-day-veuve-clicquot-champagne,/collections/champagne/products/veuve-clicquot-vintage-champagne-2012,redirect:/products/veuve-clicquot-vintage-champagne-2015
redirect,page,/pages/cost-of-veuve-clicquot,/collections/champagne/products/veuve-clicquot-vintage-champagne-2012,redirect:/products/veuve-clicquot-vintage-champagne-2015
redirect,page,/pages/cost-of-veuve-clicquot,/collections/champagne/products/veuve-clicquot-vintage-champagne-2012,redirect:/products/veuve-clicquot-vintage-champagne-2015
redirect,page,/pages/food-pairing-veuve-clicquot,/collections/champagne/products/veuve-clicquot-vintage-champagne-2012,redirect:/products/veuve-clicquot-vintage-champagne-2015
redirect,page,/pages/food-pairing-veuve-clicquot,/collections/champagne/products/veuve-clicquot-vintage-champagne-2012,redirect:/products/veuve-clicquot-vintage-champagne-2015
redirect,page,/pages/surprise-someone-with-veuve-clicquot,/products/veuve-clicquot-vintage-champagne-2012,redirect:/products/veuve-clicquot-vintage-champagne-2015
redirect,page,/pages/surprise-someone-with-veuve-clicquot,/pages/champagne-gift-delivered,redirect:/pages/send-a-gift-of-champagne
redirect,page,/pages/surprise-someone-with-veuve-clicquot,/products/veuve-clicquot-vintage-champagne-2012,redirect:/products/veuve-clicquot-vintage-champagne-2015
redirect,page,/pages/veuve-clicquot-on-special-occasions,/collections/champagne/products/veuve-clicquot-vintage-champagne-2012,redirect:/products/veuve-clicquot-vintage-champagne-2015
redirect,page,/pages/veuve-clicquot-on-special-occasions,/collections/champagne/products/veuve-clicquot-vintage-champagne-2012,redirect:/products/veuve-clicquot-vintage-champagne-2015
redirect,page,/pages/veuve-clicquot-on-special-occasions,/collections/champagne/products/veuve-clicquot-vintage-champagne-2012,redirect:/products/veuve-clicquot-vintage-champagne-2015
redirect,page,/pages/veuve-clicquot-on-special-occasions,/collections/champagne/products/taittinger-vintage,redirect:/products/taittinger-brut-millesime-champagne
redirect,page,/pages/veuve-clicquot-champagne-gift-guide,/products/veuve-clicquot-vintage-champagne-2012,redirect:/products/veuve-clicquot-vintage-champagne-2015
redirect,page,/pages/veuve-clicquot-champagne-gift-guide,/products/veuve-clicquot-vintage-champagne-2012,redirect:/products/veuve-clicquot-vintage-champagne-2015
redirect,page,/pages/veuve-clicquot-champagne-gift-guide,/pages/champagne-gift-delivered,redirect:/pages/send-a-gift-of-champagne
redirect,page,/pages/same-day-champagne-delivery-london,/products/dom-perignon-champagne,redirect:/products/dom-perignon-champagne-2013
redirect,page,/pages/same-day-champagne-delivery-london,/products/bollinger,redirect:/products/bollinger-special-cuvee-brut-champagne-75cl
redirect,page,/pages/same-day-champagne-delivery-london,/products/taittinger-vintage,redirect:/products/taittinger-brut-millesime-champagne
redirect,page,/pages/same-day-champagne-delivery-london,/pages/champagne-gift-delivered,redirect:/pages/send-a-gift-of-champagne
redirect,page,/pages/delivery-and-gift-services-drinks-house-247,/pages/champagne-gift-delivered,redirect:/pages/send-a-gift-of-champagne
redirect,page,/pages/delivery-and-gift-services-drinks-house-247,/collections/champagne/products/dom-perignon-champagne,redirect:/products/dom-perignon-champagne-2013
redirect,page,/pages/delivery-and-gift-services-drinks-house-247,/collections/champagne/products/dom-perignon-champagne,redirect:/products/dom-perignon-champagne-2013
redirect,page,/pages/dom-perignon-champagne,/collections/champagne/products/dom-perignon-champagne,redirect:/products/dom-perignon-champagne-2013
redirect,page,/pages/dom-perignon-champagne,/collections/champagne/products/dom-perignon-champagne,redirect:/products/dom-perignon-champagne-2013
redirect,page,/pages/dom-perignon-champagne,/collections/champagne/products/dom-perignon-champagne,redirect:/products/dom-perignon-champagne-2013
redirect,page,/pages/dom-perignon-champagne,/collections/champagne/products/dom-perignon-champagne,redirect:/products/dom-perignon-champagne-2013
redirect,page,/pages/dom-perignon-champagne,/pages/champagne-gift-delivered,redirect:/pages/send-a-gift-of-champagne
redirect,page,/pages/dom-perignon-champagne,/collections/champagne/products/dom-perignon-champagne,redirect:/products/dom-perignon-champagne-2013
redirect,page,/pages/dom-perignon-champagne,/collections/champagne/products/dom-perignon-champagne,redirect:/products/dom-perignon-champagne-2013
redirect,page,/pages/dom-perignon-champagne,/collections/champagne/products/dom-perignon-champagne,redirect:/products/dom-perignon-champagne-2013
redirect,page,/pages/thank-you-wine-gift-a-perfect-expression-of-gratitude,/pages/champagne-gift-delivered,redirect:/pages/send-a-gift-of-champagne
redirect,page,/pages/veuve-clicquot-gift-set-a-perfect-class-apart,/collections/champagne/products/veuve-clicquot-vintage-champagne-2012,redirect:/products/veuve-clicquot-vintage-champagne-2015
redirect,page,/pages/veuve-clicquot-gift-set-a-perfect-class-apart,/collections/champagne/products/veuve-clicquot-vintage-champagne-2012,redirect:/products/veuve-clicquot-vintage-champagne-2015
redirect,page,/pages/wine-as-a-christmas-gift-a-delightful-surprise,/collections/moet-et-chandon-champagne,redirect:/collections/moet-chandon-champagne
redirect,page,/pages/wine-as-a-christmas-gift-a-delightful-surprise,/collections/moet-et-chandon-champagne,redirect:/collections/moet-chandon-champagne
redirect,page,/pages/alcohol-gifts-the-perfect-gesture-of-appreciation-and-celebration,/collections/moet-et-chandon-champagne,redirect:/collections/moet-chandon-champagne
redirect,page,/pages/a-heartfelt-gift-red-wine,/collections/red-wine/products/chateau-les-eyquem-margaux-2019,redirect:/products/chateau-les-eyquem-margaux-2021
redirect,page,/pages/vintage-champagne-an-emotionally-engaging-journey-through-time,/collections/champagne/products/veuve-clicquot-vintage-champagne-2012,redirect:/products/veuve-clicquot-vintage-champagne-2015
redirect,page,/pages/vintage-champagne-an-emotionally-engaging-journey-through-time,/collections/champagne/products/dom-perignon-champagne,redirect:/products/dom-perignon-champagne-2013
redirect,page,/pages/vintage-champagne-an-emotionally-engaging-journey-through-time,/collections/champagne/products/veuve-clicquot-vintage-champagne-2012,redirect:/products/veuve-clicquot-vintage-champagne-2015
redirect,page,/pages/embrace-luxury-with-bollinger-champagne,/collections/champagne/products/bollinger-special-cuvee-champagne-75cl,redirect:/products/bollinger-special-cuvee-brut-champagne-75cl
redirect,page,/pages/embrace-luxury-with-bollinger-champagne,/collections/champagne/products/bollinger-special-cuvee-champagne-75cl,redirect:/products/bollinger-special-cuvee-brut-champagne-75cl
redirect,page,/pages/embrace-luxury-with-bollinger-champagne,/collections/champagne/products/bollinger-special-cuvee-champagne-75cl,redirect:/products/bollinger-special-cuvee-brut-champagne-75cl
redirect,page,/pages/piper-heidsieck-cuvee-brut-a-symphony-of-taste,/collections/champagne/products/piper-heidsieck-champagne,redirect:/products/piper-heidsieck-brut-champagne-gift-set
redirect,page,/pages/piper-heidsieck-cuvee-brut-a-symphony-of-taste,/collections/champagne/products/piper-heidsieck-champagne,redirect:/products/piper-heidsieck-brut-champagne-gift-set
redirect,page,/pages/piper-heidsieck-cuvee-brut-a-symphony-of-taste,/collections/champagne/products/piper-heidsieck-champagne,redirect:/products/piper-heidsieck-brut-champagne-gift-set
redirect,page,/pages/piper-heidsieck-cuvee-brut-a-symphony-of-taste,/collections/champagne/products/piper-heidsieck-champagne,redirect:/products/piper-heidsieck-brut-champagne-gift-set
redirect,page,/pages/piper-heidsieck-cuvee-brut-a-symphony-of-taste,/collections/champagne/products/piper-heidsieck-champagne,redirect:/products/piper-heidsieck-brut-champagne-gift-set
redirect,page,/pages/piper-heidsieck-cuvee-brut-a-symphony-of-taste,/collections/champagne/products/piper-heidsieck-champagne,redirect:/products/piper-heidsieck-brut-champagne-gift-set
redirect,page,/pages/gifting-champagne-the-ultimate-guide-for-special-occasions,/collections/champagne/products/dom-perignon-champagne,redirect:/products/dom-perignon-champagne-2013
redirect,page,/pages/gifting-champagne-the-ultimate-guide-for-special-occasions,/collections/champagne/products/dom-perignon-champagne,redirect:/products/dom-perignon-champagne-2013
redirect,page,/pages/gifting-champagne-the-ultimate-guide-for-special-occasions,/collections/champagne/products/dom-perignon-champagne,redirect:/products/dom-perignon-champagne-2013
redirect,page,/pages/gifting-champagne-the-ultimate-guide-for-special-occasions,/collections/champagne/products/dom-perignon-champagne,redirect:/products/dom-perignon-champagne-2013
redirect,page,/pages/gifting-champagne-the-ultimate-guide-for-special-occasions,/collections/champagne/products/dom-perignon-champagne,redirect:/products/dom-perignon-champagne-2013
redirect,page,/pages/delivery-anniversary-gifts-a-unique-way-to-celebrate,/pages/champagne-gift-delivered,redirect:/pages/send-a-gift-of-champagne
redirect,page,/pages/prosecco-as-a-gift-make-celebrations-sparkle,/pages/champagne-gift-delivered,redirect:/pages/send-a-gift-of-champagne
redirect,page,/pages/prosecco-as-a-gift-make-celebrations-sparkle,/collections/champagne/products/dom-perignon-champagne,redirect:/products/dom-perignon-champagne-2013
redirect,page,/pages/bollinger-champagne-gifts,/pages/champagne-gift-delivered,redirect:/pages/send-a-gift-of-champagne
redirect,page,/pages/dom-perignon-gift-set-the-ultimate-luxury-in-champagne,/collections/champagne/products/dom-perignon-champagne,redirect:/products/dom-perignon-champagne-2013
redirect,page,/pages/champagne-cases-an-effervescent-journey-of-taste,/collections/champagne/products/dom-perignon-champagne,redirect:/products/dom-perignon-champagne-2013
redirect,page,/pages/champagne-cases-an-effervescent-journey-of-taste,/collections/champagne/products/bollinger-special-cuvee-champagne-75cl,redirect:/products/bollinger-special-cuvee-brut-champagne-75cl
redirect,page,/pages/champagne-and-glasses-gift-sets-the-ultimate-gift-from-drinks-house-247,/collections/champagne/products/dom-perignon-champagne,redirect:/products/dom-perignon-champagne-2013
redirect,page,/pages/champagne-and-glasses-gift-sets-the-ultimate-gift-from-drinks-house-247,/collections/champagne/products/dom-perignon-champagne,redirect:/products/dom-perignon-champagne-2013
redirect,page,/pages/champagne-and-glasses-gift-sets-the-ultimate-gift-from-drinks-house-247,/pages/unveil-the-elegance-with-bollinger-champagne-gifts,redirect:/pages/bollinger-champagne-gifts
redirect,page,/pages/champagne-for-engagement-gift-a-toast-to-celebrate-love,/collections/champagne/products/dom-perignon-champagne,redirect:/products/dom-perignon-champagne-2013
redirect,page,/pages/champagne-for-engagement-gift-a-toast-to-celebrate-love,/pages/champagne-gift-delivered,redirect:/pages/send-a-gift-of-champagne
redirect,page,/pages/wine-in-gift-boxes-the-perfect-present-for-any-occasion,/pages/wine-gift-box-the-perfect-present-for-wine-lover%20,redirect:/pages/wine-gift-box-the-perfect-present-for-wine-lover
redirect,page,/pages/the-ultimate-guide-to-selecting-gifts-for-wine-lovers,/collections/champagne/products/dom-perignon-champagne,redirect:/products/dom-perignon-champagne-2013
redirect,page,/pages/the-ultimate-guide-to-selecting-gifts-for-wine-lovers,/collections/champagne/products/dom-perignon-champagne,redirect:/products/dom-perignon-champagne-2013
redirect,page,/pages/unveiling-the-future-of-libations-the-ultimate-guide-to-ordering-alcohol-online,/pages/exquisite-champagne-gifts,redirect:/pages/send-a-gift-of-champagne
redirect,page,/pages/unveiling-the-future-of-libations-the-ultimate-guide-to-ordering-alcohol-online,/collections/champagne/products/dom-perignon-champagne,redirect:/products/dom-perignon-champagne-2013
redirect,page,/pages/experience-the-joy-of-giving-with-champagne-gift-next-day-delivery,/collections/moet-et-chandon-champagne,redirect:/collections/moet-chandon-champagne
redirect,page,/pages/experience-the-joy-of-giving-with-champagne-gift-next-day-delivery,/collections/moet-et-chandon-champagne,redirect:/collections/moet-chandon-champagne
redirect,page,/pages/champagne-gift-next-day-delivery,/products/dom-perignon-champagne,redirect:/products/dom-perignon-champagne-2013
redirect,page,/pages/champagne-gift-next-day-delivery,/pages/champagne-gift-delivered,redirect:/pages/send-a-gift-of-champagne
redirect,page,/pages/celebrate-with-our-happy-birthday-champagne,/pages/happy-birthday-champagne,redirect:/pages/champagne-gifts-birthday
redirect,page,/pages/celebrate-with-our-happy-birthday-champagne,/pages/happy-birthday-champagne,redirect:/pages/champagne-gifts-birthday
redirect,page,/pages/same-day-wine-delivery-the-perfect-gift-for-any-occasion,/pages/online-champagne-delivery,redirect:/collections/champagne
redirect,page,/pages/sending-wine-as-a-gift-a-delightful-experience,/collections/champagne/products/dom-perignon-champagne,redirect:/products/dom-perignon-champagne-2013
redirect,page,/pages/send-a-gift-of-champagne-with-drinks-house-247,/pages/champagne-sent-as-a-gift,redirect:/pages/send-a-gift-of-champagne
redirect,page,/pages/send-a-gift-of-champagne-with-drinks-house-247,/pages/online-champagne-delivery,redirect:/collections/champagne
redirect,page,/pages/gift-congratulations-elevate-the-joy-of-special-moments,/pages/online-champagne-delivery,redirect:/collections/champagne
redirect,page,/pages/gift-congratulations-elevate-the-joy-of-special-moments,/pages/online-champagne-delivery,redirect:/collections/champagne
redirect,page,/pages/engagement-flowers-limited-edition-by-drinks-house-247,/pages/online-champagne-delivery,redirect:/collections/champagne
redirect,page,/pages/engagement-gifts-that-speak-volumes,/pages/online-champagne-delivery,redirect:/collections/champagne
redirect,page,/pages/engagement-gifts-that-speak-volumes,/pages/online-champagne-delivery,redirect:/collections/champagne
redirect,page,/pages/engagement-gifts-that-speak-volumes,/pages/online-champagne-delivery,redirect:/collections/champagne
redirect,page,/pages/anniversary-gift-an-expression-of-love-and-commitment,/collections/champagne/products/dom-perignon-champagne,redirect:/products/dom-perignon-champagne-2013
redirect,page,/pages/wine-wedding-gift-an-elegant-touch-to-celebrate-the-special-day,/collections/champagne/products/dom-perignon-champagne,redirect:/products/dom-perignon-champagne-2013
redirect,page,/pages/the-gift-of-wine-a-timeless-expression-of-appreciation,/collections/moet-et-chandon-champagne,redirect:/collections/moet-chandon-champagne
redirect,page,/pages/understanding-champagne-varieties-your-guide-to-selecting-the-best-bubbles,/collections/organic-champagne,redirect:/collections/certified-organic-wines
redirect,page,/pages/understanding-champagne-varieties-your-guide-to-selecting-the-best-bubbles,/collections/organic-champagne,redirect:/collections/certified-organic-wines
redirect,page,/pages/champagne-bottle-size-guide-exclusive-selections-from-drinks-house-247,/collections/champagne-balthazar-12l,redirect:/collections/champagne-magnum-1-5l
redirect,page,/pages/champagne-bottle-size-guide-exclusive-selections-from-drinks-house-247,/collections/champagne-nebuchadnezzar-15l,redirect:/collections/champagne-magnum-1-5l
redirect,page,/pages/champagne-101-everything-you-need-to-know,/collections/moet-et-chandon-champagne,redirect:/collections/moet-chandon-champagne
redirect,page,/pages/champagne-101-everything-you-need-to-know,/collections/moet-et-chandon-champagne,redirect:/collections/moet-chandon-champagne
redirect,page,/pages/celebrating-champagne-the-ultimate-guide-to-styles-types-and-moments,/collections/champagne-nebuchadnezzar-15l,redirect:/collections/champagne-magnum-1-5l
redirect,page,/pages/champagne-gift-basket-ideas,/collections/moet-et-chandon-champagne,redirect:/collections/moet-chandon-champagne
redirect,page,/pages/timely-dom-perignon-champagne-gift-delivery-for-any-event,/collections/champagne/products/dom-perignon-champagne,redirect:/products/dom-perignon-champagne-2013
redirect,page,/pages/timely-dom-perignon-champagne-gift-delivery-for-any-event,/collections/champagne/products/dom-perignon-champagne,redirect:/products/dom-perignon-champagne-2013
redirect,page,/pages/timely-dom-perignon-champagne-gift-delivery-for-any-event,/collections/champagne/products/dom-perignon-champagne,redirect:/products/dom-perignon-champagne-2013
redirect,page,/pages/timely-dom-perignon-champagne-gift-delivery-for-any-event,/collections/champagne/products/dom-perignon-champagne,redirect:/products/dom-perignon-champagne-2013
redirect,page,/pages/timely-dom-perignon-champagne-gift-delivery-for-any-event,/collections/champagne/products/dom-perignon-champagne,redirect:/products/dom-perignon-champagne-2013
redirect,page,/pages/timely-dom-perignon-champagne-gift-delivery-for-any-event,/collections/champagne/products/dom-perignon-champagne,redirect:/products/dom-perignon-champagne-2013
redirect,page,/pages/timely-dom-perignon-champagne-gift-delivery-for-any-event,/collections/champagne/products/dom-perignon-champagne,redirect:/products/dom-perignon-champagne-2013
redirect,page,/pages/timely-dom-perignon-champagne-gift-delivery-for-any-event,/collections/champagne/products/dom-perignon-champagne,redirect:/products/dom-perignon-champagne-2013
redirect,page,/pages/timely-dom-perignon-champagne-gift-delivery-for-any-event,/collections/champagne/products/dom-perignon-champagne,redirect:/products/dom-perignon-champagne-2013
redirect,page,/pages/timely-dom-perignon-champagne-gift-delivery-for-any-event,/collections/champagne/products/dom-perignon-champagne,redirect:/products/dom-perignon-champagne-2013
redirect,page,/pages/timely-dom-perignon-champagne-gift-delivery-for-any-event,/collections/champagne/products/dom-perignon-champagne,redirect:/products/dom-perignon-champagne-2013
redirect,page,/pages/timely-dom-perignon-champagne-gift-delivery-for-any-event,/collections/champagne/products/dom-perignon-champagne,redirect:/products/dom-perignon-champagne-2013
redirect,page,/pages/timely-dom-perignon-champagne-gift-delivery-for-any-event,/collections/champagne/products/dom-perignon-champagne,redirect:/products/dom-perignon-champagne-2013
redirect,page,/pages/timely-dom-perignon-champagne-gift-delivery-for-any-event,/collections/champagne/products/dom-perignon-champagne,redirect:/products/dom-perignon-champagne-2013
redirect,page,/pages/timely-dom-perignon-champagne-gift-delivery-for-any-event,/collections/champagne/products/dom-perignon-champagne,redirect:/products/dom-perignon-champagne-2013
redirect,page,/pages/timely-dom-perignon-champagne-gift-delivery-for-any-event,/collections/champagne/products/dom-perignon-champagne,redirect:/products/dom-perignon-champagne-2013
redirect,page,/pages/timely-dom-perignon-champagne-gift-delivery-for-any-event,/collections/champagne/products/dom-perignon-champagne,redirect:/products/dom-perignon-champagne-2013
redirect,page,/pages/timely-dom-perignon-champagne-gift-delivery-for-any-event,/collections/champagne/products/dom-perignon-champagne,redirect:/products/dom-perignon-champagne-2013
redirect,page,/pages/effortless-same-day-champagne-delivery-in-london-and-next-day-across-the-uk,/collections/champagne/products/bollinger-special-cuvee,redirect:/products/bollinger-special-cuvee-brut-champagne-75cl
redirect,page,/pages/effortless-same-day-champagne-delivery-in-london-and-next-day-across-the-uk,/collections/champagne/products/taittinger-vintage,redirect:/products/taittinger-brut-millesime-champagne
redirect,page,/pages/effortless-same-day-champagne-delivery-in-london-and-next-day-across-the-uk,/collections/champagne/products/louis-roederer-cristal,redirect:/products/louis-roederer-cristal-champagne
redirect,page,/pages/effortless-same-day-champagne-delivery-in-london-and-next-day-across-the-uk,/collections/champagne/products/bollinger-special-cuvee,redirect:/products/bollinger-special-cuvee-brut-champagne-75cl
redirect,page,/pages/effortless-same-day-champagne-delivery-in-london-and-next-day-across-the-uk,/collections/champagne/products/taittinger-vintage,redirect:/products/taittinger-brut-millesime-champagne
redirect,page,/pages/effortless-same-day-champagne-delivery-in-london-and-next-day-across-the-uk,/collections/champagne/products/louis-roederer-cristal,redirect:/products/louis-roederer-cristal-champagne
redirect,page,/pages/celebrating-anniversaries-send-champagne-in-london,/collections/champagne/products/bollinger-special-cuvee,redirect:/products/bollinger-special-cuvee-brut-champagne-75cl
redirect,page,/pages/celebrating-anniversaries-send-champagne-in-london,/collections/champagne/products/bollinger-special-cuvee,redirect:/products/bollinger-special-cuvee-brut-champagne-75cl
redirect,page,/pages/celebrate-with-tequila-gifts-sent-to-london-uk,/collections/tequila/products/clase-azul-anejo,redirect:/products/clase-azul-anejo-tequila-70cl
redirect,page,/pages/celebrate-with-tequila-gifts-sent-to-london-uk,/collections/tequila/products/casa-dragones-joven,redirect:/products/casa-dragones-joven-tequila-70cl
redirect,page,/pages/celebrate-with-tequila-gifts-sent-to-london-uk,/collections/tequila/products/818-eight-reserve,redirect:/products/818-eight-reserve-extra-anejo-tequila-70cl
redirect,page,/pages/celebrate-with-tequila-gifts-sent-to-london-uk,/collections/tequila/products/clase-azul-anejo,redirect:/products/clase-azul-anejo-tequila-70cl
redirect,page,/pages/celebrate-with-tequila-gifts-sent-to-london-uk,/collections/tequila/products/casa-dragones-joven,redirect:/products/casa-dragones-joven-tequila-70cl
redirect,page,/pages/alcohol-gift-delivery-in-london-uk-perfect-for-celebrations,/collections/champagne/products/dom-perignon-champagne,redirect:/products/dom-perignon-champagne-2013
redirect,page,/pages/experience-next-day-champagne-delivery-like-never-before,/collections/champagne/products/moet-chandon-imperial-champagne,redirect:/products/moet-chandon-champagne
redirect,page,/pages/experience-next-day-champagne-delivery-like-never-before,/collections/champagne/products/dom-perignon-champagne,redirect:/products/dom-perignon-champagne-2013
redirect,page,/pages/experience-next-day-champagne-delivery-like-never-before,/collections/champagne/products/moet-chandon-imperial-champagne,redirect:/products/moet-chandon-champagne
redirect,page,/pages/experience-next-day-champagne-delivery-like-never-before,/collections/champagne/products/dom-perignon-champagne,redirect:/products/dom-perignon-champagne-2013
redirect,page,/pages/wine-gift-delivery-uk-drinks-house-247,/pages/champagne-delivery-london-1,redirect:/collections/champagne
redirect,page,/pages/limited-cazcanes-no-7-tequila-cases-caviar-gift-set-drinks-house-247,/pages/delivery-info,redirect:/policies/shipping-policy
redirect,page,/pages/limited-last-cases-cazcanes-no-7-tequila-blanco-reposado-anejo-drinks-house-247,/pages/delivery-info,redirect:/policies/shipping-policy
redirect,page,/pages/last-minute-champagne-wine-gifts-same-day-london-delivery-drinks-house-247,/pages/delivery-info,redirect:/policies/shipping-policy
redirect,page,/pages/champagne-gift-delivery-same-day-london-next-day-uk-drinks-house-247,/pages/delivery-info,redirect:/policies/shipping-policy
redirect,page,/pages/last-minute-alcohol-gift-delivery-30-90-min-in-london-drinks-house-247,/pages/delivery-info,redirect:/policies/shipping-policy
redirect,page,/pages/corporate-alcohol-gift-delivery-bulk-luxury-uk-drinks-house-247,/pages/delivery-info,redirect:/policies/shipping-policy
redirect,page,/pages/wedding-alcohol-gifts-uk-luxury-delivery-champagne-drinks-house-247,/pages/delivery-info,redirect:/policies/shipping-policy
redirect,page,/pages/anniversary-wine-and-champagne-gifts-romantic-delivery-uk-drinks-house-247,/pages/delivery-info,redirect:/policies/shipping-policy
redirect,page,/pages/spirit-gift-sets-delivery-whisky-gin-tequila-more-drinks-house-247,/pages/delivery-info,redirect:/policies/shipping-policy
redirect,page,/pages/christmas-alcohol-gifts-delivery-festive-hampers-champagne-drinks-house-247,/pages/delivery-info,redirect:/policies/shipping-policy
redirect,page,/pages/bulk-alcohol-delivery-and-cases-wine-champagne-spirits-uk-drinks-house-247,/pages/delivery-info,redirect:/policies/shipping-policy
redirect,page,/pages/weekend-alcohol-delivery-uk-saturday-sunday-delivery-london-drinks-house-247,/pages/delivery-info,redirect:/policies/shipping-policy
redirect,page,/pages/weekend-alcohol-delivery-uk-saturday-sunday-delivery-london-drinks-house-247,/pages/delivery-info,redirect:/policies/shipping-policy
redirect,page,/pages/summer-bbq-alcohol-delivery-beer-rose-cider-uk-drinks-house-247,/pages/delivery-info,redirect:/policies/shipping-policy
redirect,page,/pages/office-party-alcohol-delivery-uk-bulk-corporate-uk-drinks-house-247,/pages/delivery-info,redirect:/policies/shipping-policy
redirect,page,/pages/hen-party-alcohol-delivery-prosecco-champagne-cocktails-london-drinks-house-247,/pages/delivery-info,redirect:/policies/shipping-policy
redirect,page,/pages/low-alcohol-and-alcohol-free-delivery-uk-london-drinks-house-247,/pages/delivery-info,redirect:/policies/shipping-policy
redirect,page,/pages/organic-and-natural-wine-delivery-uk-london-drinks-house-247,/pages/delivery-info,redirect:/policies/shipping-policy
redirect,page,/pages/easter-alcohol-gifts-delivery-wine-champagne-prosecco-uk-drinks-house-247,/pages/delivery-info,redirect:/policies/shipping-policy
redirect,page,/pages/retirement-celebration-alcohol-delivery-whisky-wine-champagne-uk-drinks-house-247,/pages/delivery-info,redirect:/policies/shipping-policy
redirect,page,/pages/engagement-party-alcohol-delivery-champagne-prosecco-uk-drinks-house-247,/pages/delivery-info,redirect:/policies/shipping-policy
redirect,page,/pages/valentines-day-alcohol-gifts-champagne-romantic-delivery-uk-drinks-house-247,/pages/delivery-info,redirect:/policies/shipping-policy
redirect,page,/pages/mother-s-day-alcohol-gifts-champagne-wine-uk-drinks-house-247,/pages/delivery-info,redirect:/policies/shipping-policy
redirect,page,/pages/dry-january-alcohol-free-delivery-no-low-alcohol-uk-drinks-house-247,/pages/delivery-info,redirect:/policies/shipping-policy
redirect,page,/pages/champagne-pairing-guide-best-food-matches-uk-drinks-house-247,/pages/delivery-info,redirect:/policies/shipping-policy
redirect,page,/pages/wine-pairing-guide-best-food-matches-uk-drinks-house-247,/pages/delivery-info,redirect:/policies/shipping-policy
redirect,page,/pages/same-day-alcohol-gifts-delivery-london-events-parties-drinks-house-247,/pages/delivery-info,redirect:/policies/shipping-policy
redirect,page,/pages/ultimate-wine-pairing-guide-2026-best-food-matches-expert-tips-drinks-house-247,/pages/delivery-info,redirect:/policies/shipping-policy
redirect,page,/pages/how-to-build-the-perfect-home-bar-on-a-budget-beginner-to-intermediate-guide,/pages/delivery-info,redirect:/policies/shipping-policy
redirect,page,/pages/whisky-tasting-guide-for-beginners-how-to-taste-like-a-pro-drinks-house-247,/pages/delivery-info,redirect:/policies/shipping-policy
redirect,page,/pages/caymus-cabernet-sauvignon-napa-valley-2022-75cl-iconic-california-cab-drinks-house-247,/pages/delivery-info,redirect:/policies/shipping-policy
redirect,page,/pages/caymus-cabernet-sauvignon-napa-valley-2022-75cl-collector-s-california-icon-drinks-house-247,/pages/delivery-info,redirect:/policies/shipping-policy
redirect,page,/pages/cazcanes-tequila-uk-100-pure-agave,/pages/send-tequila-as-a-gift-uk,redirect:/pages/send-tequila-as-a-gift-uk-premium-fast-delivery-drinks-house-247
redirect,page,/pages/personalised-moet-champagne-2026-gift-guide,/pages/champagne-delivery-london,redirect:/collections/champagne
redirect,page,/pages/champagne-and-chocolate-flowers-the-perfect-valentines-day-gift-london-2026,/pages/valentines-day-alcohol-delivery-london-uk-2026,redirect:/pages/valentines-day-alcohol-delivery-london-uk-2026-romantic-gifts-party-drinks-house-247
redirect,page,/pages/premium-whiskey-cigar-gift-sets-london-the-ultimate-luxury-gifting-guide,/pages/challenge-21,redirect:/pages/challenge-25
redirect,page,/pages/wine-gifts,/products/untitled-jun7_02-52-44,redirect:/products/the-celebration-hamper
redirect,page,/pages/wine-gifts,/products/untitled-jun7_02-52-44,redirect:/products/the-celebration-hamper
redirect,page,/pages/wine-gifts,/products/untitled-jun7_02-52-44,redirect:/products/the-celebration-hamper
redirect,page,/pages/birthday-gifts-delivered,/products/untitled-jun7_02-52-44,redirect:/products/the-celebration-hamper
redirect,page,/pages/birthday-gifts-delivered,/products/untitled-jun7_02-52-44,redirect:/products/the-celebration-hamper
redirect,page,/pages/congratulations-gifts-delivered,/products/untitled-jun7_02-52-44,redirect:/products/the-celebration-hamper
redirect,collection,/collections/all-products,/collections/extras,redirect:/collections/mixers
redirect,collection,/collections/alcohol-gift-sets,/collections/gifts,redirect:/collections/alcohol-gift-sets
redirect,collection,/collections/brut-champagne,/products/dom-perignon-champagne,redirect:/products/dom-perignon-champagne-2013
redirect,collection,/collections/ruinart-champagne,/products/dom-ruinart-2010,redirect:/collections/champagne
redirect,collection,/collections/blanc-de-blancs-champagne,/pages/champagne-delight-buying-champagne-online-at-drinks-house-247,redirect:/collections/champagne
redirect,collection,/collections/blanc-de-blancs-champagne,/pages/champagne-delight-buying-champagne-online-at-drinks-house-247,redirect:/collections/champagne
redirect,collection,/collections/whisky-gifts,/collections/gifts,redirect:/collections/alcohol-gift-sets
redirect,collection,/collections/wedding-gifts,/collections/gifts,redirect:/collections/alcohol-gift-sets
redirect,collection,/collections/corporate-gifts,/collections/gifts,redirect:/collections/alcohol-gift-sets
redirect,collection,/collections/birthday-gifts,/collections/gifts,redirect:/collections/alcohol-gift-sets
redirect,collection,/collections/anniversary-gifts,/collections/champagne/products/dom-perignon-champagne,redirect:/products/dom-perignon-champagne-2013
redirect,collection,/collections/anniversary-gifts,/collections/gifts,redirect:/collections/alcohol-gift-sets
redirect,collection,/collections/thank-you-gifts,/collections/champagne/products/moet-chandon-imperial-champagne,redirect:/products/moet-chandon-champagne
redirect,collection,/collections/thank-you-gifts,/collections/gifts,redirect:/collections/alcohol-gift-sets
redirect,collection,/collections/christmas-gifts,/collections/champagne/products/dom-perignon-champagne,redirect:/products/dom-perignon-champagne-2013
redirect,collection,/collections/christmas-gifts,/collections/champagne/products/bollinger-special-cuvee-champagne,redirect:/products/bollinger-special-cuvee-brut-champagne-75cl
redirect,collection,/collections/christmas-gifts,/collections/gifts,redirect:/collections/alcohol-gift-sets
redirect,collection,/collections/graduation-gifts,/collections/gifts,redirect:/collections/alcohol-gift-sets
redirect,collection,/collections/rose-champagne-wine-gifts,/collections/gifts,redirect:/collections/alcohol-gift-sets
redirect,product,/products/veuve-clicquot-yellow-label-brut-magnum-1-5l,/products/untitled-jun7_02-52-44,redirect:/products/the-celebration-hamper
redirect,product,/products/herzog-prince-vineyard-chenin-blanc-2023-kosher-75cl,/products/untitled-jun7_02-52-44,redirect:/products/the-celebration-hamper
redirect,product,/products/herzog-prince-vineyard-chenin-blanc-2023-kosher-75cl,/products/untitled-jun13_03-01-29,redirect:/products/seventy-one-gin-signature-martini-gift-set
redirect,product,/products/herzog-prince-vineyard-chenin-blanc-2023-kosher-75cl,/products/untitled-jun13_02-01-56,redirect:/products/seventy-one-gin-trudon-candle-luxury-gift-set
redirect,product,/products/herzog-prince-vineyard-chenin-blanc-2023-kosher-75cl,/products/charbonnel-et-walker-union-jack-milk-and-dark-chocolate-truffle-205g,redirect:/products/charbonnel-et-walker-union-jack-milk-and-dark-chocolate-truffle-selection-205g
redirect,product,/products/dom-perignon-vintage-2017-champagne-in-gift-box-75cl,/products/untitled-jun7_02-52-44,redirect:/products/the-celebration-hamper
redirect,product,/products/dom-perignon-vintage-2017-champagne-in-gift-box-75cl,/products/untitled-jun13_02-01-56,redirect:/products/seventy-one-gin-trudon-candle-luxury-gift-set
redirect,product,/products/dom-perignon-vintage-2017-champagne-in-gift-box-75cl,/products/charbonnel-et-walker-union-jack-milk-and-dark-chocolate-truffle-205g,redirect:/products/charbonnel-et-walker-union-jack-milk-and-dark-chocolate-truffle-selection-205g
redirect,product,/products/lopez-de-heredia-vina-cubillo-crianza-rioja-2017-75cl,/products/untitled-jun7_02-52-44,redirect:/products/the-celebration-hamper
redirect,product,/products/lopez-de-heredia-vina-cubillo-crianza-rioja-2017-75cl,/products/charbonnel-et-walker-union-jack-milk-and-dark-chocolate-truffle-205g,redirect:/products/charbonnel-et-walker-union-jack-milk-and-dark-chocolate-truffle-selection-205g
redirect,product,/products/lopez-de-heredia-vina-tondonia-vina-cubillo-crianza-rioja-2014-75cl,/products/untitled-jun7_02-52-44,redirect:/products/the-celebration-hamper
redirect,product,/products/lopez-de-heredia-vina-tondonia-vina-cubillo-crianza-rioja-2014-75cl,/products/charbonnel-et-walker-union-jack-milk-and-dark-chocolate-truffle-205g,redirect:/products/charbonnel-et-walker-union-jack-milk-and-dark-chocolate-truffle-selection-205g
redirect,product,/products/the-murakami-prestige-hamper,/products/untitled-jun7_02-52-44,redirect:/products/the-celebration-hamper
redirect,product,/products/the-murakami-prestige-hamper,/products/charbonnel-et-walker-union-jack-milk-and-dark-chocolate-truffle-205g,redirect:/products/charbonnel-et-walker-union-jack-milk-and-dark-chocolate-truffle-selection-205g
redirect,product,/products/the-malt-collectors-hamper,/products/untitled-jun7_02-52-44,redirect:/products/the-celebration-hamper
redirect,product,/products/the-malt-collectors-hamper,/products/charbonnel-et-walker-union-jack-milk-and-dark-chocolate-truffle-205g,redirect:/products/charbonnel-et-walker-union-jack-milk-and-dark-chocolate-truffle-selection-205g
redirect,product,/products/veuve-clicquot-champagne,/products/untitled-jun7_02-52-44,redirect:/products/the-celebration-hamper
redirect,product,/products/veuve-clicquot-vintage-champagne-2015,/products/untitled-jun7_02-52-44,redirect:/products/the-celebration-hamper
redirect,product,/products/pol-roger-reserve-brut-champagne,/products/untitled-jun7_02-52-44,redirect:/products/the-celebration-hamper
redirect,product,/products/chateau-macaron,/products/red-roses-berries-wedding-cake,redirect:/collections/best-sellers
redirect,product,/products/chateau-macaron,/products/silver-wedding-cake,redirect:/collections/best-sellers
redirect,product,/products/the-passion-wedding-cake,/products/rose-bud-wedding-cake,redirect:/collections/best-sellers
redirect,product,/products/talisker-10-year-old-single-malt-scotch-whisky-70cl-drinks-house-247,/collections/gifts,redirect:/collections/alcohol-gift-sets
redirect,product,/products/white-peak-wire-works-bourbon-barrel-english-single-malt-whisky-70cl,/products/untitled-jun7_02-52-44,redirect:/products/the-celebration-hamper
redirect,product,/products/hampden-estate-1753-pure-single-jamaican-rum-70cl,/products/untitled-jun7_02-52-44,redirect:/products/the-celebration-hamper
redirect,product,/products/renais-gin-by-emma-alex-watson-70cl,/products/untitled-jun13_02-01-56,redirect:/products/seventy-one-gin-trudon-candle-luxury-gift-set
redirect,product,/products/renais-gin-by-emma-alex-watson-70cl,/products/untitled-jun13_03-01-29,redirect:/products/seventy-one-gin-signature-martini-gift-set
redirect,product,/products/renais-gin-by-emma-alex-watson-70cl,/products/untitled-jun7_02-52-44,redirect:/products/the-celebration-hamper
redirect,product,/products/michters-us-1-kentucky-straight-bourbon-70cl,/products/untitled-jun7_02-52-44,redirect:/products/the-celebration-hamper
redirect,product,/products/eminente-reserva-7-year-old-cuban-rum-70cl,/products/untitled-jun7_02-52-44,redirect:/products/the-celebration-hamper
redirect,product,/products/the-glendronach-original-12-year-old-single-malt-whisky-70cl,/products/untitled-jun7_02-52-44,redirect:/products/the-celebration-hamper
redirect,product,/products/st-germain-elderflower-liqueur-70cl,/products/untitled-jun7_02-52-44,redirect:/products/the-celebration-hamper
redirect,product,/products/st-germain-elderflower-liqueur-70cl,/products/untitled-jun13_03-01-29,redirect:/products/seventy-one-gin-signature-martini-gift-set
redirect,product,/products/champagne-telmont-reserve-brut-nv-75cl,/products/untitled-jun7_02-52-44,redirect:/products/the-celebration-hamper
redirect,product,/products/grey-goose-altius-ultra-premium-vodka-70cl,/products/untitled-jun7_02-52-44,redirect:/products/the-celebration-hamper
redirect,product,/products/ncnean-organic-single-malt-scotch-whisky-70cl,/products/untitled-jun7_02-52-44,redirect:/products/the-celebration-hamper
redirect,product,/products/bowmore-21-year-old-sherry-oak-islay-single-malt-scotch-whisky-70cl,/products/untitled-jun7_02-52-44,redirect:/products/the-celebration-hamper
redirect,product,/products/whistlepig-10-year-old-straight-rye-whiskey-70cl,/products/untitled-jun7_02-52-44,redirect:/products/the-celebration-hamper
redirect,product,/products/whistlepig-10-year-old-straight-rye-whiskey-70cl,/products/untitled-jun13_03-01-29,redirect:/products/seventy-one-gin-signature-martini-gift-set
redirect,product,/products/amaro-nonino-quintessentia-70cl,/products/untitled-jun13_03-01-29,redirect:/products/seventy-one-gin-signature-martini-gift-set
redirect,product,/products/amaro-nonino-quintessentia-70cl,/products/untitled-jun7_02-52-44,redirect:/products/the-celebration-hamper
redirect,product,/products/italicus-rosolio-di-bergamotto-70cl,/products/untitled-jun7_02-52-44,redirect:/products/the-celebration-hamper
redirect,product,/products/italicus-rosolio-di-bergamotto-70cl,/products/untitled-jun13_03-01-29,redirect:/products/seventy-one-gin-signature-martini-gift-set
redirect,product,/products/green-chartreuse-liqueur-70cl,/products/untitled-jun13_03-01-29,redirect:/products/seventy-one-gin-signature-martini-gift-set
redirect,product,/products/green-chartreuse-liqueur-70cl,/products/untitled-jun7_02-52-44,redirect:/products/the-celebration-hamper
redirect,product,/products/chateau-de-laubade-xo-bas-armagnac-70cl,/products/untitled-jun7_02-52-44,redirect:/products/the-celebration-hamper
redirect,product,/products/christian-drouin-xo-calvados-pays-dauge-70cl,/products/untitled-jun7_02-52-44,redirect:/products/the-celebration-hamper
redirect,product,/products/gonzalez-byass-apostoles-palo-cortado-vors-30-year-old-sherry-37-5cl,/products/untitled-jun7_02-52-44,redirect:/products/the-celebration-hamper
redirect,product,/products/royal-tokaji-blue-label-5-puttonyos-aszu-50cl,/products/untitled-jun7_02-52-44,redirect:/products/the-celebration-hamper
redirect,product,/products/barsol-primero-quebranta-pisco-70cl,/products/untitled-jun13_03-01-29,redirect:/products/seventy-one-gin-signature-martini-gift-set
redirect,product,/products/barsol-primero-quebranta-pisco-70cl,/products/untitled-jun7_02-52-44,redirect:/products/the-celebration-hamper
redirect,product,/products/jade-1901-absinthe-superieure-70cl,/products/untitled-jun13_02-01-56,redirect:/products/seventy-one-gin-trudon-candle-luxury-gift-set
redirect,product,/products/jade-1901-absinthe-superieure-70cl,/products/untitled-jun13_03-01-29,redirect:/products/seventy-one-gin-signature-martini-gift-set
redirect,product,/products/jade-1901-absinthe-superieure-70cl,/products/untitled-jun7_02-52-44,redirect:/products/the-celebration-hamper
redirect,product,/products/blandys-10-year-old-malmsey-madeira-50cl,/products/untitled-jun7_02-52-44,redirect:/products/the-celebration-hamper
redirect,product,/products/linie-aquavit-70cl,/products/untitled-jun7_02-52-44,redirect:/products/the-celebration-hamper
redirect,product,/products/grappa-sarpa-di-poli-70cl,/products/untitled-jun7_02-52-44,redirect:/products/the-celebration-hamper
redirect,product,/products/grappa-sarpa-di-poli-70cl,/products/untitled-jun13_03-01-29,redirect:/products/seventy-one-gin-signature-martini-gift-set
redirect,product,/products/redbreast-12-year-old-irish-single-pot-still-whiskey-70cl,/products/untitled-jun7_02-52-44,redirect:/products/the-celebration-hamper
redirect,product,/products/redbreast-12-year-old-irish-single-pot-still-whiskey-70cl,/products/charbonnel-et-walker-union-jack-milk-and-dark-chocolate-truffle-205g,redirect:/products/charbonnel-et-walker-union-jack-milk-and-dark-chocolate-truffle-selection-205g
redirect,product,/products/kweichow-moutai-flying-fairy-baijiu-50cl,/products/untitled-jun13_02-01-56,redirect:/products/seventy-one-gin-trudon-candle-luxury-gift-set
redirect,product,/products/kweichow-moutai-flying-fairy-baijiu-50cl,/products/untitled-jun7_02-52-44,redirect:/products/the-celebration-hamper
redirect,product,/products/kweichow-moutai-flying-fairy-baijiu-50cl,/products/charbonnel-et-walker-union-jack-milk-and-dark-chocolate-truffle-205g,redirect:/products/charbonnel-et-walker-union-jack-milk-and-dark-chocolate-truffle-selection-205g
redirect,product,/products/pallini-limoncello-70cl,/products/untitled-jun7_02-52-44,redirect:/products/the-celebration-hamper
redirect,product,/products/pallini-limoncello-70cl,/products/untitled-jun13_03-01-29,redirect:/products/seventy-one-gin-signature-martini-gift-set
redirect,product,/products/metaxa-12-stars-70cl,/products/untitled-jun7_02-52-44,redirect:/products/the-celebration-hamper
redirect,product,/products/metaxa-12-stars-70cl,/products/untitled-jun13_02-01-56,redirect:/products/seventy-one-gin-trudon-candle-luxury-gift-set
redirect,product,/products/metaxa-12-stars-70cl,/products/charbonnel-et-walker-union-jack-milk-and-dark-chocolate-truffle-205g,redirect:/products/charbonnel-et-walker-union-jack-milk-and-dark-chocolate-truffle-selection-205g
redirect,product,/products/rhum-j-m-vsop-rhum-agricole-vieux-70cl,/products/untitled-jun13_03-01-29,redirect:/products/seventy-one-gin-signature-martini-gift-set
redirect,product,/products/rhum-j-m-vsop-rhum-agricole-vieux-70cl,/products/untitled-jun7_02-52-44,redirect:/products/the-celebration-hamper
redirect,product,/products/indri-diwali-collectors-edition-indian-single-malt-whisky-70cl,/products/untitled-jun7_02-52-44,redirect:/products/the-celebration-hamper
redirect,product,/products/indri-diwali-collectors-edition-indian-single-malt-whisky-70cl,/products/charbonnel-et-walker-union-jack-milk-and-dark-chocolate-truffle-205g,redirect:/products/charbonnel-et-walker-union-jack-milk-and-dark-chocolate-truffle-selection-205g
redirect,product,/products/kavalan-concertmaster-port-cask-finish-taiwanese-single-malt-70cl,/products/untitled-jun7_02-52-44,redirect:/products/the-celebration-hamper
redirect,product,/products/mr-black-cold-brew-coffee-liqueur-70cl,/products/untitled-jun13_03-01-29,redirect:/products/seventy-one-gin-signature-martini-gift-set
redirect,product,/products/mr-black-cold-brew-coffee-liqueur-70cl,/products/untitled-jun13_03-01-29,redirect:/products/seventy-one-gin-signature-martini-gift-set
redirect,product,/products/mr-black-cold-brew-coffee-liqueur-70cl,/products/untitled-jun7_02-52-44,redirect:/products/the-celebration-hamper
redirect,product,/products/matsui-umeshu-japanese-plum-liqueur-with-whisky-70cl,/products/untitled-jun7_02-52-44,redirect:/products/the-celebration-hamper
redirect,product,/products/grand-marnier-cuvee-du-centenaire-70cl,/products/untitled-jun7_02-52-44,redirect:/products/the-celebration-hamper
redirect,product,/products/grand-marnier-cuvee-du-centenaire-70cl,/products/charbonnel-et-walker-union-jack-milk-and-dark-chocolate-truffle-205g,redirect:/products/charbonnel-et-walker-union-jack-milk-and-dark-chocolate-truffle-selection-205g
redirect,product,/products/henri-bardouin-pastis-de-provence-70cl,/products/untitled-jun13_02-01-56,redirect:/products/seventy-one-gin-trudon-candle-luxury-gift-set
redirect,product,/products/henri-bardouin-pastis-de-provence-70cl,/products/untitled-jun7_02-52-44,redirect:/products/the-celebration-hamper
redirect,product,/products/henri-bardouin-pastis-de-provence-70cl,/products/untitled-jun13_03-01-29,redirect:/products/seventy-one-gin-signature-martini-gift-set
redirect,product,/products/suze-gentiane-aperitif-70cl,/products/untitled-jun13_03-01-29,redirect:/products/seventy-one-gin-signature-martini-gift-set
redirect,product,/products/suze-gentiane-aperitif-70cl,/products/untitled-jun13_03-01-29,redirect:/products/seventy-one-gin-signature-martini-gift-set
redirect,product,/products/suze-gentiane-aperitif-70cl,/products/untitled-jun7_02-52-44,redirect:/products/the-celebration-hamper
redirect,product,/products/suze-gentiane-aperitif-70cl,/products/untitled-jun13_02-01-56,redirect:/products/seventy-one-gin-trudon-candle-luxury-gift-set
redirect,product,/products/iichiko-saiten-barley-shochu-70cl,/products/untitled-jun13_03-01-29,redirect:/products/seventy-one-gin-signature-martini-gift-set
redirect,product,/products/iichiko-saiten-barley-shochu-70cl,/products/untitled-jun13_03-01-29,redirect:/products/seventy-one-gin-signature-martini-gift-set
redirect,product,/products/iichiko-saiten-barley-shochu-70cl,/products/untitled-jun7_02-52-44,redirect:/products/the-celebration-hamper
redirect,product,/products/cocchi-barolo-chinato-50cl,/products/untitled-jun7_02-52-44,redirect:/products/the-celebration-hamper
redirect,product,/products/cocchi-barolo-chinato-50cl,/products/untitled-jun7_02-52-44,redirect:/products/the-celebration-hamper
redirect,product,/products/cocchi-barolo-chinato-50cl,/products/untitled-jun13_03-01-29,redirect:/products/seventy-one-gin-signature-martini-gift-set
redirect,product,/products/cocchi-barolo-chinato-50cl,/products/charbonnel-et-walker-union-jack-milk-and-dark-chocolate-truffle-205g,redirect:/products/charbonnel-et-walker-union-jack-milk-and-dark-chocolate-truffle-selection-205g
redirect,product,/products/singani-63-75cl,/products/untitled-jun13_03-01-29,redirect:/products/seventy-one-gin-signature-martini-gift-set
redirect,product,/products/singani-63-75cl,/products/untitled-jun13_03-01-29,redirect:/products/seventy-one-gin-signature-martini-gift-set
redirect,product,/products/singani-63-75cl,/products/untitled-jun7_02-52-44,redirect:/products/the-celebration-hamper
redirect,product,/products/singani-63-75cl,/products/untitled-jun13_02-01-56,redirect:/products/seventy-one-gin-trudon-candle-luxury-gift-set
redirect,product,/products/drambuie-honeyed-scotch-whisky-liqueur-70cl,/products/untitled-jun7_02-52-44,redirect:/products/the-celebration-hamper
redirect,product,/products/drambuie-honeyed-scotch-whisky-liqueur-70cl,/products/charbonnel-et-walker-union-jack-milk-and-dark-chocolate-truffle-205g,redirect:/products/charbonnel-et-walker-union-jack-milk-and-dark-chocolate-truffle-selection-205g
redirect,product,/products/haymans-sloe-gin-70cl,/products/untitled-jun7_02-52-44,redirect:/products/the-celebration-hamper
redirect,product,/products/haymans-sloe-gin-70cl,/products/untitled-jun13_03-01-29,redirect:/products/seventy-one-gin-signature-martini-gift-set
redirect,product,/products/haymans-sloe-gin-70cl,/products/untitled-jun13_02-01-56,redirect:/products/seventy-one-gin-trudon-candle-luxury-gift-set
redirect,product,/products/haymans-sloe-gin-70cl,/products/charbonnel-et-walker-union-jack-milk-and-dark-chocolate-truffle-205g,redirect:/products/charbonnel-et-walker-union-jack-milk-and-dark-chocolate-truffle-selection-205g
redirect,product,/products/chambord-black-raspberry-liqueur-70cl,/products/untitled-jun7_02-52-44,redirect:/products/the-celebration-hamper
redirect,product,/products/chambord-black-raspberry-liqueur-70cl,/products/untitled-jun13_03-01-29,redirect:/products/seventy-one-gin-signature-martini-gift-set
redirect,product,/products/leblon-cachaca-70cl,/products/untitled-jun13_03-01-29,redirect:/products/seventy-one-gin-signature-martini-gift-set
redirect,product,/products/leblon-cachaca-70cl,/products/untitled-jun7_02-52-44,redirect:/products/the-celebration-hamper
redirect,product,/products/pimms-no-1-cup-70cl,/products/untitled-jun7_02-52-44,redirect:/products/the-celebration-hamper
redirect,product,/products/pimms-no-1-cup-70cl,/products/untitled-jun13_03-01-29,redirect:/products/seventy-one-gin-signature-martini-gift-set
redirect,product,/products/pimms-no-1-cup-70cl,/products/charbonnel-et-walker-union-jack-milk-and-dark-chocolate-truffle-205g,redirect:/products/charbonnel-et-walker-union-jack-milk-and-dark-chocolate-truffle-selection-205g
redirect,product,/products/licor-43-cuarenta-y-tres-70cl,/products/untitled-jun7_02-52-44,redirect:/products/the-celebration-hamper
redirect,product,/products/licor-43-cuarenta-y-tres-70cl,/products/untitled-jun13_03-01-29,redirect:/products/seventy-one-gin-signature-martini-gift-set
redirect,product,/products/luxardo-maraschino-originale-50cl,/products/untitled-jun13_03-01-29,redirect:/products/seventy-one-gin-signature-martini-gift-set
redirect,product,/products/luxardo-maraschino-originale-50cl,/products/untitled-jun13_02-01-56,redirect:/products/seventy-one-gin-trudon-candle-luxury-gift-set
redirect,product,/products/luxardo-maraschino-originale-50cl,/products/untitled-jun7_02-52-44,redirect:/products/the-celebration-hamper
redirect,product,/products/lillet-blanc-75cl,/products/untitled-jun7_02-52-44,redirect:/products/the-celebration-hamper
redirect,product,/products/lillet-blanc-75cl,/products/untitled-jun13_03-01-29,redirect:/products/seventy-one-gin-signature-martini-gift-set
redirect,product,/products/meletti-sambuca-70cl,/products/untitled-jun7_02-52-44,redirect:/products/the-celebration-hamper
redirect,product,/products/meletti-sambuca-70cl,/products/untitled-jun13_03-01-29,redirect:/products/seventy-one-gin-signature-martini-gift-set
redirect,product,/products/galliano-lautentico-50cl,/products/untitled-jun7_02-52-44,redirect:/products/the-celebration-hamper
redirect,product,/products/galliano-lautentico-50cl,/products/untitled-jun13_03-01-29,redirect:/products/seventy-one-gin-signature-martini-gift-set
redirect,product,/products/galliano-lautentico-50cl,/products/untitled-jun13_02-01-56,redirect:/products/seventy-one-gin-trudon-candle-luxury-gift-set
redirect,product,/products/galliano-lautentico-50cl,/products/charbonnel-et-walker-union-jack-milk-and-dark-chocolate-truffle-205g,redirect:/products/charbonnel-et-walker-union-jack-milk-and-dark-chocolate-truffle-selection-205g
redirect,product,/products/ancho-reyes-original-chile-liqueur-70cl,/products/untitled-jun13_03-01-29,redirect:/products/seventy-one-gin-signature-martini-gift-set
redirect,product,/products/ancho-reyes-original-chile-liqueur-70cl,/products/untitled-jun7_02-52-44,redirect:/products/the-celebration-hamper
redirect,product,/products/benedictine-d-o-m-liqueur-70cl,/products/untitled-jun7_02-52-44,redirect:/products/the-celebration-hamper
redirect,product,/products/benedictine-d-o-m-liqueur-70cl,/products/untitled-jun13_03-01-29,redirect:/products/seventy-one-gin-signature-martini-gift-set
redirect,product,/products/benedictine-d-o-m-liqueur-70cl,/products/charbonnel-et-walker-union-jack-milk-and-dark-chocolate-truffle-205g,redirect:/products/charbonnel-et-walker-union-jack-milk-and-dark-chocolate-truffle-selection-205g
redirect,product,/products/fernet-branca-70cl,/products/untitled-jun13_03-01-29,redirect:/products/seventy-one-gin-signature-martini-gift-set
redirect,product,/products/fernet-branca-70cl,/products/untitled-jun7_02-52-44,redirect:/products/the-celebration-hamper
redirect,product,/products/fernet-branca-70cl,/products/untitled-jun13_02-01-56,redirect:/products/seventy-one-gin-trudon-candle-luxury-gift-set
redirect,product,/products/cocchi-vermouth-di-torino-75cl,/products/untitled-jun13_03-01-29,redirect:/products/seventy-one-gin-signature-martini-gift-set
redirect,product,/products/cocchi-vermouth-di-torino-75cl,/products/untitled-jun7_02-52-44,redirect:/products/the-celebration-hamper
redirect,product,/products/cocchi-vermouth-di-torino-75cl,/products/untitled-jun13_02-01-56,redirect:/products/seventy-one-gin-trudon-candle-luxury-gift-set
redirect,product,/products/passoa-passion-fruit-liqueur-70cl,/products/untitled-jun7_02-52-44,redirect:/products/the-celebration-hamper
redirect,product,/products/passoa-passion-fruit-liqueur-70cl,/products/untitled-jun13_03-01-29,redirect:/products/seventy-one-gin-signature-martini-gift-set
redirect,product,/products/midori-melon-liqueur-70cl,/products/untitled-jun7_02-52-44,redirect:/products/the-celebration-hamper
redirect,product,/products/midori-melon-liqueur-70cl,/products/untitled-jun13_03-01-29,redirect:/products/seventy-one-gin-signature-martini-gift-set
redirect,product,/products/cherry-heering-liqueur-70cl,/products/untitled-jun7_02-52-44,redirect:/products/the-celebration-hamper
redirect,product,/products/cherry-heering-liqueur-70cl,/products/untitled-jun13_03-01-29,redirect:/products/seventy-one-gin-signature-martini-gift-set
redirect,product,/products/gonzalez-byass-alfonso-oloroso-seco-sherry-75cl,/products/untitled-jun7_02-52-44,redirect:/products/the-celebration-hamper
redirect,product,/products/gonzalez-byass-alfonso-oloroso-seco-sherry-75cl,/products/untitled-jun13_03-01-29,redirect:/products/seventy-one-gin-signature-martini-gift-set
redirect,product,/products/gonzalez-byass-alfonso-oloroso-seco-sherry-75cl,/products/charbonnel-et-walker-union-jack-milk-and-dark-chocolate-truffle-205g,redirect:/products/charbonnel-et-walker-union-jack-milk-and-dark-chocolate-truffle-selection-205g
redirect,product,/products/carpano-antica-formula-vermouth-100cl,/products/untitled-jun13_03-01-29,redirect:/products/seventy-one-gin-signature-martini-gift-set
redirect,product,/products/carpano-antica-formula-vermouth-100cl,/products/untitled-jun7_02-52-44,redirect:/products/the-celebration-hamper
redirect,product,/products/carpano-antica-formula-vermouth-100cl,/products/untitled-jun13_02-01-56,redirect:/products/seventy-one-gin-trudon-candle-luxury-gift-set
redirect,product,/products/carpano-antica-formula-vermouth-100cl,/products/charbonnel-et-walker-union-jack-milk-and-dark-chocolate-truffle-205g,redirect:/products/charbonnel-et-walker-union-jack-milk-and-dark-chocolate-truffle-selection-205g
redirect,product,/products/pernod-absinthe-70cl,/products/untitled-jun13_03-01-29,redirect:/products/seventy-one-gin-signature-martini-gift-set
redirect,product,/products/pernod-absinthe-70cl,/products/untitled-jun13_02-01-56,redirect:/products/seventy-one-gin-trudon-candle-luxury-gift-set
redirect,product,/products/pernod-absinthe-70cl,/products/untitled-jun7_02-52-44,redirect:/products/the-celebration-hamper
redirect,product,/products/pernod-absinthe-70cl,/products/charbonnel-et-walker-union-jack-milk-and-dark-chocolate-truffle-205g,redirect:/products/charbonnel-et-walker-union-jack-milk-and-dark-chocolate-truffle-selection-205g
redirect,product,/products/seedlip-spice-94-non-alcoholic-spirit-70cl,/products/untitled-jun7_02-52-44,redirect:/products/the-celebration-hamper
redirect,product,/products/seedlip-spice-94-non-alcoholic-spirit-70cl,/products/untitled-jun13_03-01-29,redirect:/products/seventy-one-gin-signature-martini-gift-set
redirect,product,/products/seedlip-spice-94-non-alcoholic-spirit-70cl,/products/charbonnel-et-walker-union-jack-milk-and-dark-chocolate-truffle-205g,redirect:/products/charbonnel-et-walker-union-jack-milk-and-dark-chocolate-truffle-selection-205g
redirect,product,/products/pentire-adrift-non-alcoholic-botanical-spirit-70cl,/products/untitled-jun7_02-52-44,redirect:/products/the-celebration-hamper
redirect,product,/products/pentire-adrift-non-alcoholic-botanical-spirit-70cl,/products/untitled-jun13_03-01-29,redirect:/products/seventy-one-gin-signature-martini-gift-set
redirect,product,/products/pentire-adrift-non-alcoholic-botanical-spirit-70cl,/products/charbonnel-et-walker-union-jack-milk-and-dark-chocolate-truffle-205g,redirect:/products/charbonnel-et-walker-union-jack-milk-and-dark-chocolate-truffle-selection-205g
redirect,product,/products/g-miclo-poire-william-eau-de-vie-70cl,/products/untitled-jun7_02-52-44,redirect:/products/the-celebration-hamper
redirect,product,/products/g-miclo-poire-william-eau-de-vie-70cl,/products/untitled-jun13_03-01-29,redirect:/products/seventy-one-gin-signature-martini-gift-set
redirect,product,/products/g-miclo-poire-william-eau-de-vie-70cl,/products/charbonnel-et-walker-union-jack-milk-and-dark-chocolate-truffle-205g,redirect:/products/charbonnel-et-walker-union-jack-milk-and-dark-chocolate-truffle-selection-205g
redirect,product,/products/ki-no-bi-kyoto-dry-gin-70cl,/products/untitled-jun13_03-01-29,redirect:/products/seventy-one-gin-signature-martini-gift-set
redirect,product,/products/ki-no-bi-kyoto-dry-gin-70cl,/products/untitled-jun13_02-01-56,redirect:/products/seventy-one-gin-trudon-candle-luxury-gift-set
redirect,product,/products/ki-no-bi-kyoto-dry-gin-70cl,/products/untitled-jun7_02-52-44,redirect:/products/the-celebration-hamper
redirect,product,/products/ki-no-bi-kyoto-dry-gin-70cl,/products/charbonnel-et-walker-union-jack-milk-and-dark-chocolate-truffle-205g,redirect:/products/charbonnel-et-walker-union-jack-milk-and-dark-chocolate-truffle-selection-205g
redirect,product,/products/the-cristal-prestige-hamper,/products/untitled-jun7_02-52-44,redirect:/products/the-celebration-hamper
redirect,product,/products/the-cristal-prestige-hamper,/products/untitled-jun13_03-01-29,redirect:/products/seventy-one-gin-signature-martini-gift-set
redirect,product,/products/the-cristal-prestige-hamper,/products/untitled-jun13_02-01-56,redirect:/products/seventy-one-gin-trudon-candle-luxury-gift-set
redirect,product,/products/the-cristal-prestige-hamper,/products/charbonnel-et-walker-union-jack-milk-and-dark-chocolate-truffle-205g,redirect:/products/charbonnel-et-walker-union-jack-milk-and-dark-chocolate-truffle-selection-205g
redirect,product,/products/carmel-signature-mediterranean-2-vats-2020-kosher-75cl,/products/untitled-jun7_02-52-44,redirect:/products/the-celebration-hamper
redirect,product,/products/carmel-signature-mediterranean-2-vats-2020-kosher-75cl,/products/untitled-jun13_03-01-29,redirect:/products/seventy-one-gin-signature-martini-gift-set
redirect,product,/products/carmel-signature-mediterranean-2-vats-2020-kosher-75cl,/products/untitled-jun13_02-01-56,redirect:/products/seventy-one-gin-trudon-candle-luxury-gift-set
redirect,product,/products/carmel-signature-mediterranean-2-vats-2020-kosher-75cl,/products/charbonnel-et-walker-union-jack-milk-and-dark-chocolate-truffle-205g,redirect:/products/charbonnel-et-walker-union-jack-milk-and-dark-chocolate-truffle-selection-205g
redirect,product,/products/yatir-forest-2021-kosher-75cl,/products/untitled-jun7_02-52-44,redirect:/products/the-celebration-hamper
redirect,product,/products/yatir-forest-2021-kosher-75cl,/products/untitled-jun13_03-01-29,redirect:/products/seventy-one-gin-signature-martini-gift-set
redirect,product,/products/yatir-forest-2021-kosher-75cl,/products/untitled-jun13_02-01-56,redirect:/products/seventy-one-gin-trudon-candle-luxury-gift-set
redirect,product,/products/yatir-forest-2021-kosher-75cl,/products/charbonnel-et-walker-union-jack-milk-and-dark-chocolate-truffle-205g,redirect:/products/charbonnel-et-walker-union-jack-milk-and-dark-chocolate-truffle-selection-205g
redirect,product,/products/herzog-special-reserve-pinot-noir-2021-kosher-75cl,/products/untitled-jun7_02-52-44,redirect:/products/the-celebration-hamper
redirect,product,/products/herzog-special-reserve-pinot-noir-2021-kosher-75cl,/products/untitled-jun13_03-01-29,redirect:/products/seventy-one-gin-signature-martini-gift-set
redirect,product,/products/herzog-special-reserve-pinot-noir-2021-kosher-75cl,/products/untitled-jun13_02-01-56,redirect:/products/seventy-one-gin-trudon-candle-luxury-gift-set
redirect,product,/products/herzog-special-reserve-pinot-noir-2021-kosher-75cl,/products/charbonnel-et-walker-union-jack-milk-and-dark-chocolate-truffle-205g,redirect:/products/charbonnel-et-walker-union-jack-milk-and-dark-chocolate-truffle-selection-205g
redirect,product,/products/the-great-british-hamper,/products/untitled-jun7_02-52-44,redirect:/products/the-celebration-hamper
redirect,product,/products/the-great-british-hamper,/products/untitled-jun13_03-01-29,redirect:/products/seventy-one-gin-signature-martini-gift-set
redirect,product,/products/the-great-british-hamper,/products/untitled-jun13_02-01-56,redirect:/products/seventy-one-gin-trudon-candle-luxury-gift-set
redirect,product,/products/the-great-british-hamper,/products/charbonnel-et-walker-union-jack-milk-and-dark-chocolate-truffle-205g,redirect:/products/charbonnel-et-walker-union-jack-milk-and-dark-chocolate-truffle-selection-205g
redirect,product,/products/the-demi-sec-amp-chocolate-hamper,/products/untitled-jun7_02-52-44,redirect:/products/the-celebration-hamper
redirect,product,/products/the-demi-sec-amp-chocolate-hamper,/products/untitled-jun13_03-01-29,redirect:/products/seventy-one-gin-signature-martini-gift-set
redirect,product,/products/the-demi-sec-amp-chocolate-hamper,/products/untitled-jun13_02-01-56,redirect:/products/seventy-one-gin-trudon-candle-luxury-gift-set
redirect,product,/products/the-demi-sec-amp-chocolate-hamper,/products/charbonnel-et-walker-union-jack-milk-and-dark-chocolate-truffle-205g,redirect:/products/charbonnel-et-walker-union-jack-milk-and-dark-chocolate-truffle-selection-205g
other,article,/blogs/posts/top-wine-gift-sets-to-buy-in-2026-from-budget-to-luxury,/wine-gift-sets,other
other,article,/blogs/posts/top-wine-gift-sets-to-buy-in-2026-from-budget-to-luxury,/wine-hampers-delivery-uk,other
other,article,/blogs/posts/top-wine-gift-sets-to-buy-in-2026-from-budget-to-luxury,/luxury-wine-gift-boxes,other
other,article,/blogs/posts/top-wine-gift-sets-to-buy-in-2026-from-budget-to-luxury,/wine-hampers-delivery-uk,other
other,article,/blogs/posts/luxury-alcohol-gift-hampers-the-best-picks-for-christmas-special-occasions,/top-wine-gift-sets-2026,other
other,article,/blogs/posts/luxury-alcohol-gift-hampers-the-best-picks-for-christmas-special-occasions,/craft-beer-delivery-london,other
other,article,/blogs/posts/craft-beer-delivery-in-london-fast-30-45-minute-delivery,/luxury-alcohol-gift-hampers,other
other,article,/blogs/posts/craft-beer-delivery-in-london-fast-30-45-minute-delivery,/top-wine-gift-sets-2026,other
other,article,/blogs/posts/craft-beer-delivery-in-london-fast-30-45-minute-delivery,/best-champagne-gifts,other
other,article,/blogs/posts/craft-beer-delivery-in-london-fast-30-45-minute-delivery,/luxury-alcohol-gift-hampers,other
other,article,/blogs/posts/craft-beer-delivery-in-london-fast-30-45-minute-delivery,/top-wine-gift-sets-2026,other
other,article,/blogs/posts/craft-beer-delivery-in-london-fast-30-45-minute-delivery,/best-champagne-gifts,other
other,article,/blogs/posts/eco-friendly-sustainable-alcohol-brands-uk-the-complete-guide,/wine/sustainable-wine,other
other,article,/blogs/posts/eco-friendly-sustainable-alcohol-brands-uk-the-complete-guide,/wine/organic-wine,other
other,article,/blogs/posts/eco-friendly-sustainable-alcohol-brands-uk-the-complete-guide,/delivery-information,other
other,page,/pages/html-sitemap,/blogs/posts,other
other,page,/pages/alcohol-delivery-service,/collections,other
other,page,/pages/send-a-champagne-gift,/collections/alcohol-gift-sets/vintage,other
other,page,/pages/alcohol-24-hour-delivery,/collections/alcohol-gift-sets/deals,other
other,page,/pages/local-wine-delivery-near-me,/blogs/posts,other
other,page,/pages/wine-delivery-near-me-now,/collections/alcohol-gift-sets/deals,other
other,page,/pages/wine-delivery-near-me-now,/collections/alcohol-gift-sets/deals,other
other,page,/pages/veuve-clicquot-gifts,/collections/champagne/brand_veuve-clicquot,other
other,page,/pages/veuve-clicquot-gifts,/collections/champagne/brand_veuve-clicquot,other
other,page,/pages/veuve-clicquot-gifts,/collections/champagne/brand_veuve-clicquot,other
other,page,/pages/veuve-clicquot-champagnes,/collections/champagne/veuve-clicquot,other
other,page,/pages/veuve-clicquot-champagnes,/collections/champagne/veuve-clicquot,other
other,page,/pages/veuve-clicquot-champagnes,/search,other
other,page,/pages/veuve-clicquot-champagnes,/collections/champagne/veuve-clicquot,other
other,page,/pages/veuve-clicquot-champagnes,/collections/champagne/veuve-clicquot,other
other,page,/pages/veuve-clicquot-champagnes,/collections/champagne/veuve-clicquot,other
other,page,/pages/wine-home-delivered-same-day-wine-delivery-across-london,/collections/wines-1/deep-red,other
other,page,/pages/wine-home-delivered-same-day-wine-delivery-across-london,/collections/white-wine/all-products,other
other,page,/pages/wine-home-delivered-same-day-wine-delivery-across-london,/collections/alcohol-gift-sets/red-wine,other
other,page,/pages/wine-home-delivered-same-day-wine-delivery-across-london,/collections,other
other,page,/pages/wine-home-delivered-same-day-wine-delivery-across-london,/collections/wines-1/black-fruits,other
other,page,/pages/limited-cazcanes-no-7-tequila-cases-caviar-gift-set-drinks-house-247,/collections/blanco-tequila/Blanco-Tequila,other
other,page,/pages/limited-cazcanes-no-7-tequila-cases-caviar-gift-set-drinks-house-247,/collections/reposado-tequila/Reposado,other
other,page,/pages/limited-cazcanes-no-7-tequila-cases-caviar-gift-set-drinks-house-247,/collections/anejo-tequila/Anejo-Tequila,other
other,page,/pages/limited-cazcanes-no-7-tequila-cases-caviar-gift-set-drinks-house-247,/collections/extra-anejo-tequila/Extra-Anejo,other
other,page,/pages/limited-last-cases-cazcanes-no-7-tequila-blanco-reposado-anejo-drinks-house-247,/collections/blanco-tequila/Blanco-Tequila,other
other,page,/pages/limited-last-cases-cazcanes-no-7-tequila-blanco-reposado-anejo-drinks-house-247,/collections/reposado-tequila/Reposado,other
other,page,/pages/limited-last-cases-cazcanes-no-7-tequila-blanco-reposado-anejo-drinks-house-247,/collections/anejo-tequila/Anejo-Tequila,other
other,page,/pages/limited-last-cases-cazcanes-no-7-tequila-blanco-reposado-anejo-drinks-house-247,/collections/blanco-tequila/Blanco-Tequila,other
other,page,/pages/limited-last-cases-cazcanes-no-7-tequila-blanco-reposado-anejo-drinks-house-247,/collections/reposado-tequila/Reposado,other
other,page,/pages/limited-last-cases-cazcanes-no-7-tequila-blanco-reposado-anejo-drinks-house-247,/collections/anejo-tequila/Anejo-Tequila,other
other,page,/pages/limited-last-cases-cazcanes-no-7-tequila-blanco-reposado-anejo-drinks-house-247,/collections/extra-anejo-tequila/Extra-Anejo,other
other,page,/pages/limited-last-cases-cazcanes-no-7-tequila-blanco-reposado-anejo-drinks-house-247,/collections/blanco-tequila/Blanco-Tequila,other
other,page,/pages/limited-last-cases-cazcanes-no-7-tequila-blanco-reposado-anejo-drinks-house-247,/collections/reposado-tequila/Reposado,other
other,page,/pages/limited-last-cases-cazcanes-no-7-tequila-blanco-reposado-anejo-drinks-house-247,/collections/anejo-tequila/Anejo-Tequila,other
other,page,/pages/personalised-alcohol-gifts-the-ultimate-guide-to-gifting-spirits-wine,/custom-engraved-spirits,other
other,page,/pages/prosecco-gifts-the-best-bottles-and-gift-sets-to-buy-right-now,/prosecco,other
other,page,/pages/prosecco-gifts-the-best-bottles-and-gift-sets-to-buy-right-now,/top-wine-gift-sets-2026,other
other,page,/pages/prosecco-gifts-the-best-bottles-and-gift-sets-to-buy-right-now,/luxury-alcohol-gift-hampers,other
other,page,/pages/prosecco-gifts-the-best-bottles-and-gift-sets-to-buy-right-now,/best-champagne-gifts,other
other,page,/pages/prosecco-gifts-the-best-bottles-and-gift-sets-to-buy-right-now,/top-wine-gift-sets-2026,other
other,page,/pages/prosecco-gifts-the-best-bottles-and-gift-sets-to-buy-right-now,/luxury-alcohol-gift-hampers,other
other,page,/pages/prosecco-gifts-the-best-bottles-and-gift-sets-to-buy-right-now,/craft-beer-delivery-london,other
other,page,/pages/prosecco-gifts-the-best-bottles-and-gift-sets-to-buy-right-now,/gift-sets,other
other,page,/pages/craft-beer-gift-sets-for-him-the-ultimate-guide,/craft-beer-gift-sets,other
other,page,/pages/alcohol-gift-sets-the-ultimate-guide-to-premium-drinks-gifts-in-the-uk,/delivery-information,other
other,page,/pages/alcohol-gift-sets-the-ultimate-guide-to-premium-drinks-gifts-in-the-uk,/order-tracking,other
unpublished,article,/blogs/posts/10-classic-cocktails-for-world-cocktail-day,/products/havana-club-anejo-especial,unpublished
unpublished,article,/blogs/posts/how-to-choose-champagne,/products/veuve-clicquot-rose-champagne,unpublished
unpublished,article,/blogs/posts/london-midnight-drinks-delivery,/products/chablis-montee-de-tonnerre-samuel-billaud-2023,unpublished
unpublished,article,/blogs/posts/christmas-alcohol-gift-guide,/products/freixenet-prosecco-75cl-belgian-chocolate-handbag-gift,unpublished
unpublished,page,/pages/html-sitemap,/pages/our-covid-19-delivery-policy,unpublished
unpublished,page,/pages/online-wine-delivery-near-me-wine-delivered-in-london,/collections/red-wine/products/saint-emilion-grand-cru-grand-cru-classe-2014,unpublished
unpublished,page,/pages/wine-delivered-in-london,/collections/red-wine/products/saint-emilion-grand-cru-grand-cru-classe-2014,unpublished
unpublished,page,/pages/wine-delivery-24-hours,/collections/wines/products/the-velvel-devil-merlot-2016,unpublished
unpublished,page,/pages/instant-wine-delivery-near-me,/collections/wines/products/chateau-pontac-lynch-margaux,unpublished
unpublished,page,/pages/wine-delivery-service-london,/collections/red-wine/products/saint-emilion-grand-cru-grand-cru-classe-2014,unpublished
unpublished,page,/pages/wine-delivery-near-me-now,/collections/red-wine/products/the-velvel-devil-merlot-2016,unpublished
unpublished,page,/pages/alcohol-delivery-canary-wharf,/collections/wines/products/chateau-pontac-lynch-margaux,unpublished
unpublished,page,/pages/veuve-clicquot-champagnes,/collections/champagne/products/veuve-clicquot-2008,unpublished
unpublished,page,/pages/veuve-clicquot-champagnes,/collections/champagne/products/veuve-clicquot-2008,unpublished
unpublished,page,/pages/veuve-clicquot-champagnes,/collections/champagne/products/veuve-clicquot-rose-champagne,unpublished
unpublished,page,/pages/next-day-veuve-clicquot-champagne,/collections/champagne/products/veuve-clicquot-2008,unpublished
unpublished,page,/pages/cost-of-veuve-clicquot,/collections/champagne/products/veuve-clicquot-2008,unpublished
unpublished,page,/pages/cost-of-veuve-clicquot,/collections/champagne/products/veuve-clicquot-2008,unpublished
unpublished,page,/pages/food-pairing-veuve-clicquot,/collections/champagne/products/veuve-clicquot-2008,unpublished
unpublished,page,/pages/food-pairing-veuve-clicquot,/collections/champagne/products/veuve-clicquot-2008,unpublished
unpublished,page,/pages/food-pairing-veuve-clicquot,/collections/champagne/products/veuve-clicquot-rose-champagne,unpublished
unpublished,page,/pages/food-pairing-veuve-clicquot,/collections/champagne/products/veuve-clicquot-rose-champagne,unpublished
unpublished,page,/pages/surprise-someone-with-veuve-clicquot,/products/veuve-clicquot-2008,unpublished
unpublished,page,/pages/surprise-someone-with-veuve-clicquot,/products/veuve-clicquot-2008,unpublished
unpublished,page,/pages/same-day-champagne-delivery-london,/products/veuve-clicquot-rose-champagne,unpublished
unpublished,page,/pages/delivery-and-gift-services-drinks-house-247,/collections/champagne/products/freixenet-prosecco-75cl-belgian-chocolate-handbag-gift,unpublished
unpublished,page,/pages/wine-gift-box-the-perfect-present-for-wine-lover,/collections/alcohol-gift-sets/products/freixenet-prosecco-75cl-belgian-chocolate-handbag-gift,unpublished
unpublished,page,/pages/wine-gift-box-the-perfect-present-for-wine-lover,/collections/alcohol-gift-sets/products/freixenet-prosecco-75cl-belgian-chocolate-handbag-gift,unpublished
unpublished,page,/pages/wedding-anniversary-gifts-for-her-a-unique-way-to-celebrate-love,/collections/alcohol-gift-sets/products/freixenet-prosecco-75cl-belgian-chocolate-handbag-gift,unpublished
unpublished,page,/pages/wedding-anniversary-gifts-for-her-a-unique-way-to-celebrate-love,/collections/alcohol-gift-sets/products/freixenet-prosecco-75cl-belgian-chocolate-handbag-gift,unpublished
unpublished,page,/pages/wedding-anniversary-gifts-for-her-a-unique-way-to-celebrate-love,/collections/alcohol-gift-sets/products/freixenet-prosecco-75cl-belgian-chocolate-handbag-gift,unpublished
unpublished,page,/pages/wine-gifts-delivered-the-perfect-indulgence-for-every-wine-lover,/collections/red-wine/products/saint-emilion-grand-cru-grand-cru-classe-2014,unpublished
unpublished,page,/pages/veuve-clicquot-gift-set-a-perfect-class-apart,/collections/champagne/products/veuve-clicquot-2008,unpublished
unpublished,page,/pages/veuve-clicquot-gift-set-a-perfect-class-apart,/collections/champagne/products/veuve-clicquot-2008,unpublished
unpublished,page,/pages/vintage-champagne-an-emotionally-engaging-journey-through-time,/collections/champagne/products/veuve-clicquot-2008,unpublished
unpublished,page,/pages/vintage-champagne-an-emotionally-engaging-journey-through-time,/collections/champagne/products/veuve-clicquot-2008,unpublished
unpublished,page,/pages/prosecco-as-a-gift-make-celebrations-sparkle,/collections/champagne/products/freixenet-prosecco-75cl-belgian-chocolate-handbag-gift,unpublished
unpublished,page,/pages/prosecco-as-a-gift-make-celebrations-sparkle,/collections/champagne/products/freixenet-prosecco-75cl-belgian-chocolate-handbag-gift,unpublished
unpublished,page,/pages/prosecco-as-a-gift-make-celebrations-sparkle,/collections/alcohol-gift-sets/products/freixenet-prosecco-75cl-belgian-chocolate-handbag-gift,unpublished
unpublished,page,/pages/prosecco-as-a-gift-make-celebrations-sparkle,/collections/champagne/products/freixenet-prosecco-75cl-belgian-chocolate-handbag-gift,unpublished
unpublished,page,/pages/prosecco-as-a-gift-make-celebrations-sparkle,/collections/champagne/products/freixenet-prosecco-75cl-belgian-chocolate-handbag-gift,unpublished
unpublished,page,/pages/red-wine-as-a-gift-a-timeless-classic,/collections/red-wine/products/saint-emilion-grand-cru-grand-cru-classe-2014,unpublished
unpublished,page,/pages/indulge-with-wine-hampers-a-symphony-of-tastes-at-drinks-house-247,/products/chateau-pontac-lynch-margaux,unpublished
unpublished,page,/pages/tequila-delivery-london,/products/patron-xo-cafe-tequila,unpublished
unpublished,page,/pages/tequila-delivery-london,/products/patron-xo-cafe-tequila,unpublished
unpublished,collection,/collections/anniversary-gifts,/collections/champagne/products/veuve-clicquot-rose-champagne,unpublished
unpublished,collection,/collections/mushrooms-supplements,/collections/mushrooms-supplements/products/coq10-supplement-capsules,unpublished
unpublished,collection,/collections/mushrooms-supplements,/collections/mushrooms-supplements/products/shilajit-tablets,unpublished
unpublished,collection,/collections/mushrooms-supplements,/collections/mushrooms-supplements/products/sea-moss-complex-tablets,unpublished
unpublished,product,/products/herzog-prince-vineyard-chenin-blanc-2023-kosher-75cl,/products/exotic-fruits-delight-basket-premium-assortment,unpublished
unpublished,product,/products/dom-perignon-vintage-2017-champagne-in-gift-box-75cl,/products/exotic-fruits-delight-basket-premium-assortment,unpublished
unpublished,product,/products/lopez-de-heredia-vina-cubillo-crianza-rioja-2017-75cl,/products/exotic-fruits-delight-basket-premium-assortment,unpublished
unpublished,product,/products/lopez-de-heredia-vina-tondonia-vina-cubillo-crianza-rioja-2014-75cl,/products/exotic-fruits-delight-basket-premium-assortment,unpublished
unpublished,product,/products/the-murakami-prestige-hamper,/products/exotic-fruits-delight-basket-premium-assortment,unpublished
unpublished,product,/products/the-malt-collectors-hamper,/products/exotic-fruits-delight-basket-premium-assortment,unpublished
unpublished,product,/products/hampden-estate-1753-pure-single-jamaican-rum-70cl,/products/exotic-fruits-delight-basket-premium-assortment,unpublished
unpublished,product,/products/renais-gin-by-emma-alex-watson-70cl,/products/exotic-fruits-delight-basket-premium-assortment,unpublished
unpublished,product,/products/eminente-reserva-7-year-old-cuban-rum-70cl,/products/exotic-fruits-delight-basket-premium-assortment,unpublished
unpublished,product,/products/st-germain-elderflower-liqueur-70cl,/products/exotic-fruits-delight-basket-premium-assortment,unpublished
unpublished,product,/products/champagne-telmont-reserve-brut-nv-75cl,/products/exotic-fruits-delight-basket-premium-assortment,unpublished
unpublished,product,/products/ncnean-organic-single-malt-scotch-whisky-70cl,/products/exotic-fruits-delight-basket-premium-assortment,unpublished
unpublished,product,/products/bowmore-21-year-old-sherry-oak-islay-single-malt-scotch-whisky-70cl,/products/exotic-fruits-delight-basket-premium-assortment,unpublished
unpublished,product,/products/whistlepig-10-year-old-straight-rye-whiskey-70cl,/products/exotic-fruits-delight-basket-premium-assortment,unpublished
unpublished,product,/products/amaro-nonino-quintessentia-70cl,/products/exotic-fruits-delight-basket-premium-assortment,unpublished
unpublished,product,/products/italicus-rosolio-di-bergamotto-70cl,/products/exotic-fruits-delight-basket-premium-assortment,unpublished
unpublished,product,/products/green-chartreuse-liqueur-70cl,/products/exotic-fruits-delight-basket-premium-assortment,unpublished
unpublished,product,/products/chateau-de-laubade-xo-bas-armagnac-70cl,/products/exotic-fruits-delight-basket-premium-assortment,unpublished
unpublished,product,/products/christian-drouin-xo-calvados-pays-dauge-70cl,/products/exotic-fruits-delight-basket-premium-assortment,unpublished
unpublished,product,/products/gonzalez-byass-apostoles-palo-cortado-vors-30-year-old-sherry-37-5cl,/products/exotic-fruits-delight-basket-premium-assortment,unpublished
unpublished,product,/products/royal-tokaji-blue-label-5-puttonyos-aszu-50cl,/products/exotic-fruits-delight-basket-premium-assortment,unpublished
unpublished,product,/products/barsol-primero-quebranta-pisco-70cl,/products/exotic-fruits-delight-basket-premium-assortment,unpublished
unpublished,product,/products/blandys-10-year-old-malmsey-madeira-50cl,/products/exotic-fruits-delight-basket-premium-assortment,unpublished
unpublished,product,/products/linie-aquavit-70cl,/products/exotic-fruits-delight-basket-premium-assortment,unpublished
unpublished,product,/products/grappa-sarpa-di-poli-70cl,/products/exotic-fruits-delight-basket-premium-assortment,unpublished
unpublished,product,/products/redbreast-12-year-old-irish-single-pot-still-whiskey-70cl,/products/exotic-fruits-delight-basket-premium-assortment,unpublished
unpublished,product,/products/kweichow-moutai-flying-fairy-baijiu-50cl,/products/exotic-fruits-delight-basket-premium-assortment,unpublished
unpublished,product,/products/pallini-limoncello-70cl,/products/exotic-fruits-delight-basket-premium-assortment,unpublished
unpublished,product,/products/metaxa-12-stars-70cl,/products/exotic-fruits-delight-basket-premium-assortment,unpublished
unpublished,product,/products/rhum-j-m-vsop-rhum-agricole-vieux-70cl,/products/exotic-fruits-delight-basket-premium-assortment,unpublished
unpublished,product,/products/kavalan-concertmaster-port-cask-finish-taiwanese-single-malt-70cl,/products/exotic-fruits-delight-basket-premium-assortment,unpublished
unpublished,product,/products/mr-black-cold-brew-coffee-liqueur-70cl,/products/exotic-fruits-delight-basket-premium-assortment,unpublished
unpublished,product,/products/matsui-umeshu-japanese-plum-liqueur-with-whisky-70cl,/products/exotic-fruits-delight-basket-premium-assortment,unpublished
unpublished,product,/products/grand-marnier-cuvee-du-centenaire-70cl,/products/exotic-fruits-delight-basket-premium-assortment,unpublished
unpublished,product,/products/henri-bardouin-pastis-de-provence-70cl,/products/exotic-fruits-delight-basket-premium-assortment,unpublished
unpublished,product,/products/henri-bardouin-pastis-de-provence-70cl,/products/exotic-fruits-delight-basket-premium-assortment,unpublished
unpublished,product,/products/suze-gentiane-aperitif-70cl,/products/exotic-fruits-delight-basket-premium-assortment,unpublished
unpublished,product,/products/iichiko-saiten-barley-shochu-70cl,/products/exotic-fruits-delight-basket-premium-assortment,unpublished
unpublished,product,/products/cocchi-barolo-chinato-50cl,/products/exotic-fruits-delight-basket-premium-assortment,unpublished
unpublished,product,/products/singani-63-75cl,/products/exotic-fruits-delight-basket-premium-assortment,unpublished
unpublished,product,/products/singani-63-75cl,/products/exotic-fruits-delight-basket-premium-assortment,unpublished
unpublished,product,/products/haymans-sloe-gin-70cl,/products/exotic-fruits-delight-basket-premium-assortment,unpublished
unpublished,product,/products/chambord-black-raspberry-liqueur-70cl,/products/exotic-fruits-delight-basket-premium-assortment,unpublished
unpublished,product,/products/leblon-cachaca-70cl,/products/exotic-fruits-delight-basket-premium-assortment,unpublished
unpublished,product,/products/pimms-no-1-cup-70cl,/products/exotic-fruits-delight-basket-premium-assortment,unpublished
unpublished,product,/products/licor-43-cuarenta-y-tres-70cl,/products/exotic-fruits-delight-basket-premium-assortment,unpublished
unpublished,product,/products/luxardo-maraschino-originale-50cl,/products/exotic-fruits-delight-basket-premium-assortment,unpublished
unpublished,product,/products/lillet-blanc-75cl,/products/exotic-fruits-delight-basket-premium-assortment,unpublished
unpublished,product,/products/meletti-sambuca-70cl,/products/exotic-fruits-delight-basket-premium-assortment,unpublished
unpublished,product,/products/galliano-lautentico-50cl,/products/exotic-fruits-delight-basket-premium-assortment,unpublished
unpublished,product,/products/ancho-reyes-original-chile-liqueur-70cl,/products/exotic-fruits-delight-basket-premium-assortment,unpublished
unpublished,product,/products/benedictine-d-o-m-liqueur-70cl,/products/exotic-fruits-delight-basket-premium-assortment,unpublished
unpublished,product,/products/fernet-branca-70cl,/products/exotic-fruits-delight-basket-premium-assortment,unpublished
unpublished,product,/products/cocchi-vermouth-di-torino-75cl,/products/exotic-fruits-delight-basket-premium-assortment,unpublished
unpublished,product,/products/passoa-passion-fruit-liqueur-70cl,/products/exotic-fruits-delight-basket-premium-assortment,unpublished
unpublished,product,/products/midori-melon-liqueur-70cl,/products/exotic-fruits-delight-basket-premium-assortment,unpublished
unpublished,product,/products/cherry-heering-liqueur-70cl,/products/exotic-fruits-delight-basket-premium-assortment,unpublished
unpublished,product,/products/gonzalez-byass-alfonso-oloroso-seco-sherry-75cl,/products/exotic-fruits-delight-basket-premium-assortment,unpublished
unpublished,product,/products/carpano-antica-formula-vermouth-100cl,/products/exotic-fruits-delight-basket-premium-assortment,unpublished
unpublished,product,/products/pernod-absinthe-70cl,/products/exotic-fruits-delight-basket-premium-assortment,unpublished
unpublished,product,/products/seedlip-spice-94-non-alcoholic-spirit-70cl,/products/exotic-fruits-delight-basket-premium-assortment,unpublished
unpublished,product,/products/pentire-adrift-non-alcoholic-botanical-spirit-70cl,/products/exotic-fruits-delight-basket-premium-assortment,unpublished
unpublished,product,/products/g-miclo-poire-william-eau-de-vie-70cl,/products/exotic-fruits-delight-basket-premium-assortment,unpublished
unpublished,product,/products/ki-no-bi-kyoto-dry-gin-70cl,/products/exotic-fruits-delight-basket-premium-assortment,unpublished
unpublished,product,/products/the-cristal-prestige-hamper,/products/exotic-fruits-delight-basket-premium-assortment,unpublished
unpublished,product,/products/carmel-signature-mediterranean-2-vats-2020-kosher-75cl,/products/exotic-fruits-delight-basket-premium-assortment,unpublished
unpublished,product,/products/yatir-forest-2021-kosher-75cl,/products/exotic-fruits-delight-basket-premium-assortment,unpublished
unpublished,product,/products/herzog-special-reserve-pinot-noir-2021-kosher-75cl,/products/exotic-fruits-delight-basket-premium-assortment,unpublished
unpublished,product,/products/the-great-british-hamper,/products/exotic-fruits-delight-basket-premium-assortment,unpublished
unpublished,product,/products/the-demi-sec-amp-chocolate-hamper,/products/exotic-fruits-delight-basket-premium-assortment,unpublished
inert,article,/blogs/posts/petrus-wine-2009,/pages/alcohol-delivery-areas,ok (inert redirect /pages/alcohol-delivery)
inert,article,/blogs/posts/petrus-wine-2009,/pages/alcohol-delivery-areas,ok (inert redirect /pages/alcohol-delivery)
inert,article,/blogs/posts/9-best-flowers-and-champagne-delivery-options-for-2026,/pages/champagne-same-day,ok (inert redirect /collections/champagne)
inert,article,/blogs/posts/marketplace-wine-guide-your-essential-2026-buying-handbook,/pages/red-wine-delivery,ok (inert redirect /collections/red-wine)
inert,article,/blogs/posts/marketplace-wine-guide-your-essential-2026-buying-handbook,/pages/online-wine-delivery-near-me-wine-delivered-in-london,ok (inert redirect /collections/wines)
inert,article,/blogs/posts/marketplace-wine-guide-your-essential-2026-buying-handbook,/pages/next-day-wine-delivery,ok (inert redirect /collections/wines)
inert,article,/blogs/posts/alcoholic-beverage-delivery-guide-your-essential-2026-handbook,/pages/alcohol-delivery-areas,ok (inert redirect /pages/alcohol-delivery)
inert,article,/blogs/posts/bottle-store-open-near-me-finding-local-drinks-2026,/pages/champagne-same-day,ok (inert redirect /collections/champagne)
inert,article,/blogs/posts/bottle-store-open-near-me-finding-local-drinks-2026,/pages/next-day-wine-delivery,ok (inert redirect /collections/wines)
inert,article,/blogs/posts/bottle-store-open-near-me-finding-local-drinks-2026,/pages/champagne-delivery,ok (inert redirect /collections/champagne)
inert,article,/blogs/posts/bottle-store-open-near-me-finding-local-drinks-2026,/pages/champagne-delivery-to-me-same-day,ok (inert redirect /collections/champagne)
inert,article,/blogs/posts/wine-delivery-near-me-your-2026-guide-to-local-service,/pages/next-day-wine-delivery,ok (inert redirect /collections/wines)
inert,article,/blogs/posts/wine-delivery-near-me-your-2026-guide-to-local-service,/pages/wine-delivery-london,ok (inert redirect /collections/wines)
inert,article,/blogs/posts/wine-delivery-near-me-your-2026-guide-to-local-service,/pages/alcohol-delivery-areas,ok (inert redirect /pages/alcohol-delivery)
inert,article,/blogs/posts/wine-delivery-near-me-your-2026-guide-to-local-service,/pages/champagne-delivery,ok (inert redirect /collections/champagne)
inert,article,/blogs/posts/alcohol-places-near-me-your-2026-guide-to-local-options,/pages/champagne-same-day,ok (inert redirect /collections/champagne)
inert,article,/blogs/posts/alcohol-places-near-me-your-2026-guide-to-local-options,/pages/champagne-delivery,ok (inert redirect /collections/champagne)
inert,article,/blogs/posts/alcohol-places-near-me-your-2026-guide-to-local-options,/pages/next-day-wine-delivery,ok (inert redirect /collections/wines)
inert,article,/blogs/posts/online-champagne-your-complete-guide-to-buying-in-2026,/pages/champagne-same-day,ok (inert redirect /collections/champagne)
inert,article,/blogs/posts/online-champagne-your-complete-guide-to-buying-in-2026,/pages/alcohol-delivery-areas,ok (inert redirect /pages/alcohol-delivery)
inert,article,/blogs/posts/alcohol-delivery-near-me-fast,/pages/champagne-delivery-to-me-same-day,ok (inert redirect /collections/champagne)
inert,article,/blogs/posts/how-to-choose-an-anniversary-champagne-hamper,/pages/champagne-delivery,ok (inert redirect /collections/champagne)
inert,article,/blogs/posts/kosher-wine-delivery-uk,/pages/next-day-wine-delivery,ok (inert redirect /collections/wines)
inert,article,/blogs/posts/how-to-choose-a-fine-wine-mixed-case,/pages/buy-wine-next-day-delivery,ok (inert redirect /collections/wines)
inert,article,/blogs/posts/congratulations-champagne-delivery,/pages/late-night-wine-delivery-near-me,ok (inert redirect /collections/wines)
inert,article,/blogs/posts/wedding-champagne-gift-uk-buying-guide,/pages/buy-wine-next-day-delivery,ok (inert redirect /collections/wines)
inert,article,/blogs/posts/best-alcohol-gifts-for-men,/pages/wine-delivery-london,ok (inert redirect /collections/wines)
inert,article,/blogs/posts/fine-wine-delivery,/pages/champagne-delivery,ok (inert redirect /collections/champagne)
inert,article,/blogs/posts/how-to-send-wine-gifts-without-getting-it-wrong,/pages/next-day-wine,ok (inert redirect /collections/wines)
inert,article,/blogs/posts/how-to-choose-wine-hampers,/pages/wine-delivery-london-same-day,ok (inert redirect /collections/wines)
inert,article,/blogs/posts/best-drinks-for-a-london-garden-party,/pages/alcohol-delivery-areas,ok (inert redirect /pages/alcohol-delivery)
inert,article,/blogs/posts/how-to-keep-drinks-cold-at-a-summer-bbq,/pages/alcohol-delivery-areas,ok (inert redirect /pages/alcohol-delivery)
inert,article,/blogs/posts/how-to-build-a-gin-tasting-flight-at-home,/pages/alcohol-delivery-areas,ok (inert redirect /pages/alcohol-delivery)
inert,article,/blogs/posts/last-minute-bank-holiday-drinks-delivery-in-london,/pages/alcohol-delivery-areas,ok (inert redirect /pages/alcohol-delivery)
inert,article,/blogs/posts/gin-and-tonic-garnishes-beyond-the-lemon-slice,/pages/alcohol-delivery-areas,ok (inert redirect /pages/alcohol-delivery)
inert,article,/blogs/posts/spiced-rum-cocktails-worth-making,/pages/alcohol-delivery-areas,ok (inert redirect /pages/alcohol-delivery)
inert,article,/blogs/posts/craft-beer-styles-explained-ipa-stout-lager-and-more,/pages/alcohol-delivery-areas,ok (inert redirect /pages/alcohol-delivery)
inert,article,/blogs/posts/best-rose-wines-for-late-summer-drinking,/pages/alcohol-delivery-areas,ok (inert redirect /pages/alcohol-delivery)
inert,article,/blogs/posts/non-alcoholic-options-every-party-should-have,/pages/alcohol-delivery-areas,ok (inert redirect /pages/alcohol-delivery)
inert,article,/blogs/posts/wine-glasses-explained-does-the-shape-really-matter,/pages/alcohol-delivery-areas,ok (inert redirect /pages/alcohol-delivery)
inert,article,/blogs/posts/best-drinks-for-watching-live-sport-at-home,/pages/alcohol-delivery-areas,ok (inert redirect /pages/alcohol-delivery)
inert,article,/blogs/posts/picnic-drinks-ideas-for-london-parks,/pages/alcohol-delivery-areas,ok (inert redirect /pages/alcohol-delivery)
inert,article,/blogs/posts/rioja-wine-guide-crianza-reserva-and-gran-reserva,/pages/alcohol-delivery-areas,ok (inert redirect /pages/alcohol-delivery)
inert,article,/blogs/posts/end-of-summer-cocktails-to-see-off-august,/pages/alcohol-delivery-areas,ok (inert redirect /pages/alcohol-delivery)
inert,article,/blogs/posts/frozen-cocktails-to-beat-the-summer-heat,/pages/alcohol-delivery-areas,ok (inert redirect /pages/alcohol-delivery)
inert,article,/blogs/posts/malbec-wine-guide-what-to-know-before-you-buy,/pages/alcohol-delivery-areas,ok (inert redirect /pages/alcohol-delivery)
inert,article,/blogs/posts/how-much-ice-do-you-actually-need-for-a-party,/pages/alcohol-delivery-areas,ok (inert redirect /pages/alcohol-delivery)
inert,article,/blogs/posts/how-to-stock-a-drinks-trolley,/pages/alcohol-delivery-areas,ok (inert redirect /pages/alcohol-delivery)
inert,article,/blogs/posts/autumn-wine-guide-what-to-drink-as-the-weather-turns,/pages/alcohol-delivery-areas,ok (inert redirect /pages/alcohol-delivery)
inert,article,/blogs/posts/london-dry-gin-vs-old-tom-vs-plymouth-gin,/pages/alcohol-delivery-areas,ok (inert redirect /pages/alcohol-delivery)
inert,article,/blogs/posts/notting-hill-carnival-drinks-guide,/pages/alcohol-delivery-areas,ok (inert redirect /pages/alcohol-delivery)
inert,article,/blogs/posts/a-beginners-guide-to-sipping-rum,/pages/alcohol-delivery-areas,ok (inert redirect /pages/alcohol-delivery)
inert,article,/blogs/posts/best-gin-brands-to-try-this-year,/pages/alcohol-delivery-areas,ok (inert redirect /pages/alcohol-delivery)
inert,article,/blogs/posts/dark-rum-vs-white-rum-which-to-use-when,/pages/alcohol-delivery-areas,ok (inert redirect /pages/alcohol-delivery)
inert,article,/blogs/posts/august-bank-holiday-party-drinks-what-to-order,/pages/alcohol-delivery-areas,ok (inert redirect /pages/alcohol-delivery)
inert,article,/blogs/posts/carnival-cocktails-caribbean-flavours-for-notting-hill,/pages/alcohol-delivery-areas,ok (inert redirect /pages/alcohol-delivery)
inert,article,/blogs/posts/oktoberfest-at-home-beers-steins-and-snacks,/pages/alcohol-delivery-areas,ok (inert redirect /pages/alcohol-delivery)
inert,article,/blogs/posts/whisky-regions-of-scotland-explained,/pages/alcohol-delivery-areas,ok (inert redirect /pages/alcohol-delivery)
inert,article,/blogs/posts/christmas-party-planning-why-to-book-your-drinks-early,/pages/alcohol-delivery-areas,ok (inert redirect /pages/alcohol-delivery)
inert,article,/blogs/posts/why-presentation-has-become-half-the-gift-in-london,/pages/champagne-same-day,ok (inert redirect /collections/champagne)
inert,article,/blogs/posts/alcohol-delivery-3am-london,/pages/alcohol-delivery-areas,ok (inert redirect /pages/alcohol-delivery)
inert,article,/blogs/posts/how-much-champagne-for-50-guests,/pages/champagne-delivery,ok (inert redirect /collections/champagne)
inert,article,/blogs/posts/alcohol-delivery-to-office-london,/pages/alcohol-delivery-areas,ok (inert redirect /pages/alcohol-delivery)
inert,article,/blogs/posts/red-wine-serving-temperature,/pages/wine-delivery-london,ok (inert redirect /collections/wines)
inert,article,/blogs/posts/alcohol-delivery-to-hotel-london,/pages/alcohol-delivery-areas,ok (inert redirect /pages/alcohol-delivery)
inert,article,/blogs/posts/how-long-does-champagne-last-unopened,/pages/champagne-delivery,ok (inert redirect /collections/champagne)
inert,article,/blogs/posts/how-many-glasses-in-a-bottle-of-champagne,/pages/champagne-delivery,ok (inert redirect /collections/champagne)
inert,article,/blogs/posts/how-long-does-opened-wine-last,/pages/wine-delivery-london,ok (inert redirect /collections/wines)
inert,page,/pages/about-us,/pages/alcohol-delivery-areas,ok (inert redirect /pages/alcohol-delivery)
inert,page,/pages/html-sitemap,/pages/champagne-delivery-to-me-same-day,ok (inert redirect /collections/champagne)
inert,page,/pages/html-sitemap,/pages/champagne-delivery,ok (inert redirect /collections/champagne)
inert,page,/pages/html-sitemap,/pages/food-pairings-with-every-champagne,ok (inert redirect /collections/champagne-gifts-luxury-champagne-gift-delivery-in-london-uk)
inert,page,/pages/html-sitemap,/pages/champagne-same-day,ok (inert redirect /collections/champagne)
inert,page,/pages/html-sitemap,/pages/buy-wine-next-day-delivery,ok (inert redirect /collections/wines)
inert,page,/pages/html-sitemap,/pages/late-night-wine-delivery-near-me,ok (inert redirect /collections/wines)
inert,page,/pages/html-sitemap,/pages/next-day-wine,ok (inert redirect /collections/wines)
inert,page,/pages/html-sitemap,/pages/next-day-wine-delivery,ok (inert redirect /collections/wines)
inert,page,/pages/html-sitemap,/pages/online-wine-delivery-near-me-wine-delivered-in-london,ok (inert redirect /collections/wines)
inert,page,/pages/html-sitemap,/pages/red-wine-delivery,ok (inert redirect /collections/red-wine)
inert,page,/pages/html-sitemap,/pages/wine-delivered-in-london,ok (inert redirect /collections/wines)
inert,page,/pages/html-sitemap,/pages/wine-delivery-london-same-day,ok (inert redirect /collections/wines)
inert,page,/pages/html-sitemap,/pages/wine-delivery-london,ok (inert redirect /collections/wines)
inert,page,/pages/html-sitemap,/pages/wine-near-me,ok (inert redirect /collections/wines)
inert,page,/pages/html-sitemap,/pages/whisky-and-bourbon-delivery-uk-premium-spirits-fast-drinks-house-247,ok (inert redirect /collections/whisky)
inert,page,/pages/html-sitemap,/pages/premium-spirits-delivery-uk-drinks-house-247,ok (inert redirect /collections/liquor)
inert,page,/pages/html-sitemap,/pages/beer-delivery-service-near-me,ok (inert redirect /collections/beers)
inert,page,/pages/html-sitemap,/pages/best-beer-delivery-london,ok (inert redirect /collections/beers)
inert,page,/pages/html-sitemap,/pages/delivery-of-beer-near-me,ok (inert redirect /collections/beers)
inert,page,/pages/html-sitemap,/pages/instant-beer-delivery,ok (inert redirect /collections/beers)
inert,page,/pages/html-sitemap,/pages/alcohol-delivery-areas,ok (inert redirect /pages/alcohol-delivery)
inert,page,/pages/white-wine-delivery,/pages/alcohol-delivery-areas,ok (inert redirect /pages/alcohol-delivery)
inert,page,/pages/white-wine-delivery,/pages/next-day-wine-delivery,ok (inert redirect /collections/wines)
inert,page,/pages/red-wine-delivery,/pages/wine-delivery-london,ok (inert redirect /collections/wines)
inert,page,/pages/red-wine-delivery,/pages/wine-delivery-london-same-day,ok (inert redirect /collections/wines)
inert,page,/pages/online-beer-delivery-near-me,/pages/best-beer-delivery-london,ok (inert redirect /collections/beers)
inert,page,/pages/wine-and-champagne-delivery-in-london,/pages/wine-delivery-london,ok (inert redirect /collections/wines)
inert,page,/pages/send-a-champagne-gift,/pages/champagne-delivery,ok (inert redirect /collections/champagne)
inert,page,/pages/wine-and-champagne-delivery-in-london-1,/pages/wine-delivery-london-same-day,ok (inert redirect /collections/wines)
inert,page,/pages/london-wine-delivery-same-day,/pages/red-wine-delivery,ok (inert redirect /collections/red-wine)
inert,page,/pages/london-wine-delivery-same-day,/pages/wine-delivery-london,ok (inert redirect /collections/wines)
inert,page,/pages/london-wine-delivery-same-day,/pages/alcohol-delivery-areas,ok (inert redirect /pages/alcohol-delivery)
inert,page,/pages/london-wine-delivery-same-day,/pages/wine-delivery-london-same-day,ok (inert redirect /collections/wines)
inert,page,/pages/wine-delivered-in-london,/pages/wine-delivery-london,ok (inert redirect /collections/wines)
inert,page,/pages/wine-delivered-in-london,/pages/alcohol-delivery-areas,ok (inert redirect /pages/alcohol-delivery)
inert,page,/pages/wine-delivery-24-hours,/pages/wine-delivery-london-same-day,ok (inert redirect /collections/wines)
inert,page,/pages/wine-delivery-24-hours,/pages/wine-delivery-london,ok (inert redirect /collections/wines)
inert,page,/pages/alcohol-delivery-shepherds-bush,/pages/wine-delivery-london-same-day,ok (inert redirect /collections/wines)
inert,page,/pages/beer-deliveries-near-me,/pages/instant-beer-delivery,ok (inert redirect /collections/beers)
inert,page,/pages/veuve-clicquot-champagnes,/pages/food-pairings-with-every-champagne,ok (inert redirect /collections/champagne-gifts-luxury-champagne-gift-delivery-in-london-uk)
inert,page,/pages/surprise-someone-with-veuve-clicquot,/pages/champagne-delivery,ok (inert redirect /collections/champagne)
inert,page,/pages/bollinger-champagne-gifts,/pages/champagne-delivery,ok (inert redirect /collections/champagne)
inert,page,/pages/bollinger-champagne-gifts,/pages/champagne-delivery,ok (inert redirect /collections/champagne)
inert,page,/pages/bollinger-champagne-gifts,/pages/champagne-delivery,ok (inert redirect /collections/champagne)
inert,page,/pages/red-wine-as-a-gift-a-timeless-classic,/pages/red-wine-delivery,ok (inert redirect /collections/red-wine)
inert,page,/pages/wine-in-gift-boxes-the-perfect-present-for-any-occasion,/pages/wine-delivery-london-same-day,ok (inert redirect /collections/wines)
inert,page,/pages/wine-home-delivered-same-day-wine-delivery-across-london,/pages/wine-delivered-in-london,ok (inert redirect /collections/wines)
inert,page,/pages/wine-home-delivered-same-day-wine-delivery-across-london,/pages/wine-delivery-london-same-day,ok (inert redirect /collections/wines)
inert,page,/pages/wine-home-delivered-same-day-wine-delivery-across-london,/pages/next-day-wine-delivery,ok (inert redirect /collections/wines)
inert,page,/pages/wine-home-delivered-same-day-wine-delivery-across-london,/pages/wine-delivered-in-london,ok (inert redirect /collections/wines)
inert,page,/pages/indulge-with-wine-hampers-a-symphony-of-tastes-at-drinks-house-247,/pages/wine-delivered-in-london,ok (inert redirect /collections/wines)
inert,page,/pages/indulge-with-wine-hampers-a-symphony-of-tastes-at-drinks-house-247,/pages/wine-delivery-london,ok (inert redirect /collections/wines)
inert,page,/pages/same-day-wine-delivery-the-perfect-gift-for-any-occasion,/pages/wine-delivery-london-same-day,ok (inert redirect /collections/wines)
inert,page,/pages/same-day-wine-delivery-the-perfect-gift-for-any-occasion,/pages/next-day-wine-delivery,ok (inert redirect /collections/wines)
inert,page,/pages/same-day-wine-delivery-the-perfect-gift-for-any-occasion,/pages/wine-delivered-in-london,ok (inert redirect /collections/wines)
inert,page,/pages/wine-gifts-for-anniversary-celebrate-in-true-style,/pages/wine-delivered-in-london,ok (inert redirect /collections/wines)
inert,page,/pages/wine-gifts-for-anniversary-celebrate-in-true-style,/pages/next-day-wine-delivery,ok (inert redirect /collections/wines)
inert,page,/pages/wine-gifts-for-anniversary-celebrate-in-true-style,/pages/next-day-wine-delivery,ok (inert redirect /collections/wines)
inert,page,/pages/send-a-gift-of-champagne-with-drinks-house-247,/pages/wine-delivery-london-same-day,ok (inert redirect /collections/wines)
inert,page,/pages/gift-congratulations-elevate-the-joy-of-special-moments,/pages/online-wine-delivery-near-me-wine-delivered-in-london,ok (inert redirect /collections/wines)
inert,page,/pages/gift-congratulations-elevate-the-joy-of-special-moments,/pages/wine-delivered-in-london,ok (inert redirect /collections/wines)
inert,page,/pages/engagement-flowers-limited-edition-by-drinks-house-247,/pages/next-day-wine-delivery,ok (inert redirect /collections/wines)
inert,page,/pages/engagement-flowers-limited-edition-by-drinks-house-247,/pages/next-day-wine-delivery,ok (inert redirect /collections/wines)
inert,page,/pages/engagement-gifts-that-speak-volumes,/pages/wine-delivery-london,ok (inert redirect /collections/wines)
inert,page,/pages/engagement-gifts-that-speak-volumes,/pages/next-day-wine-delivery,ok (inert redirect /collections/wines)
inert,page,/pages/engagement-gifts-that-speak-volumes,/pages/next-day-wine-delivery,ok (inert redirect /collections/wines)
inert,page,/pages/anniversary-gift-an-expression-of-love-and-commitment,/pages/wine-delivery-london,ok (inert redirect /collections/wines)
inert,page,/pages/anniversary-gift-an-expression-of-love-and-commitment,/pages/next-day-wine-delivery,ok (inert redirect /collections/wines)
inert,page,/pages/anniversary-gift-an-expression-of-love-and-commitment,/pages/next-day-wine-delivery,ok (inert redirect /collections/wines)
inert,page,/pages/premium-whiskey-cigar-gift-sets-london-the-ultimate-luxury-gifting-guide,/pages/alcohol-delivery-areas,ok (inert redirect /pages/alcohol-delivery)
inert,page,/pages/same-day-caviar-delivery-london,/pages/alcohol-delivery-areas,ok (inert redirect /pages/alcohol-delivery)
inert,page,/pages/caviar-near-me,/pages/alcohol-delivery-areas,ok (inert redirect /pages/alcohol-delivery)
inert,page,/pages/late-night-caviar-delivery-london,/pages/alcohol-delivery-areas,ok (inert redirect /pages/alcohol-delivery)
inert,page,/pages/whisky-delivery-london,/pages/alcohol-delivery-areas,ok (inert redirect /pages/alcohol-delivery)
inert,page,/pages/vodka-delivery-london,/pages/alcohol-delivery-areas,ok (inert redirect /pages/alcohol-delivery)
inert,page,/pages/gin-delivery-london,/pages/alcohol-delivery-areas,ok (inert redirect /pages/alcohol-delivery)
inert,page,/pages/tequila-delivery-london,/pages/alcohol-delivery-areas,ok (inert redirect /pages/alcohol-delivery)
inert,page,/pages/rum-delivery-london,/pages/alcohol-delivery-areas,ok (inert redirect /pages/alcohol-delivery)
inert,page,/pages/cognac-delivery-london,/pages/alcohol-delivery-areas,ok (inert redirect /pages/alcohol-delivery)
inert,page,/pages/alcohol-delivery-london-questions-answered,/pages/alcohol-delivery-areas,ok (inert redirect /pages/alcohol-delivery)
inert,page,/pages/alcohol-delivery-london-questions-answered,/pages/alcohol-delivery-areas,ok (inert redirect /pages/alcohol-delivery)
inert,page,/pages/authenticity-and-sourcing,/pages/alcohol-delivery-areas,ok (inert redirect /pages/alcohol-delivery)
inert,collection,/collections/merlot-wine-delivery,/pages/wine-delivery-london-same-day,ok (inert redirect /collections/wines)
inert,collection,/collections/merlot-wine-delivery,/pages/wine-delivery-london-same-day,ok (inert redirect /collections/wines)
missing,article,/blogs/posts/hennessy-vs-vsop-xo-difference,/blogs/posts/hennessy-history-what-it-is-made-from-prices-in-london,missing
missing,page,/pages/html-sitemap,/blogs/posts/beautiful-wine-rack-ideas-for-your-home,missing
missing,page,/pages/champagne-delivery,/collections/champagne/products/Bollinger,missing
missing,page,/pages/gift-congratulations-elevate-the-joy-of-special-moments,/collections/Champagne,missing
